{"type":"FeatureCollection","features":[{"type":"Feature","properties":{"code":"KR-11010","name":"종로구","provinceCode":"KR-11","province":"서울","rarity":"COMMON"},"geometry":{"type":"Polygon","coordinates":[[[126.949,37.624],[126.98,37.629],[126.987,37.606],[126.977,37.598],[127.002,37.591],[127.009,37.58],[127.023,37.578],[127.023,37.572],[126.967,37.566],[126.954,37.579],[126.959,37.595],[126.953,37.601],[126.949,37.624]]]}},{"type":"Feature","properties":{"code":"KR-11020","name":"중구","provinceCode":"KR-11","province":"서울","rarity":"COMMON"},"geometry":{"type":"Polygon","coordinates":[[[127.023,37.572],[127.027,37.563],[127.009,37.544],[126.985,37.554],[126.962,37.552],[126.969,37.568],[127.023,37.572]]]}},{"type":"Feature","properties":{"code":"KR-11030","name":"용산구","provinceCode":"KR-11","province":"서울","rarity":"COMMON"},"geometry":{"type":"Polygon","coordinates":[[[126.971,37.554],[127.004,37.55],[127.017,37.534],[126.986,37.507],[126.967,37.51],[126.95,37.518],[126.945,37.534],[126.971,37.554]]]}},{"type":"Feature","properties":{"code":"KR-11040","name":"성동구","provinceCode":"KR-11","province":"서울","rarity":"COMMON"},"geometry":{"type":"Polygon","coordinates":[[[127.043,37.572],[127.074,37.559],[127.056,37.528],[127.01,37.54],[127.009,37.547],[127.027,37.564],[127.023,37.572],[127.043,37.572]]]}},{"type":"Feature","properties":{"code":"KR-11050","name":"광진구","provinceCode":"KR-11","province":"서울","rarity":"COMMON"},"geometry":{"type":"Polygon","coordinates":[[[127.104,37.57],[127.102,37.559],[127.115,37.557],[127.108,37.541],[127.08,37.523],[127.056,37.528],[127.078,37.572],[127.104,37.57]]]}},{"type":"Feature","properties":{"code":"KR-11060","name":"동대문구","provinceCode":"KR-11","province":"서울","rarity":"COMMON"},"geometry":{"type":"Polygon","coordinates":[[[127.069,37.609],[127.078,37.572],[127.072,37.56],[127.043,37.573],[127.023,37.572],[127.043,37.597],[127.069,37.609]]]}},{"type":"Feature","properties":{"code":"KR-11070","name":"중랑구","provinceCode":"KR-11","province":"서울","rarity":"COMMON"},"geometry":{"type":"Polygon","coordinates":[[[127.115,37.62],[127.117,37.594],[127.109,37.583],[127.096,37.571],[127.078,37.572],[127.069,37.595],[127.07,37.615],[127.115,37.62]]]}},{"type":"Feature","properties":{"code":"KR-11080","name":"성북구","provinceCode":"KR-11","province":"서울","rarity":"COMMON"},"geometry":{"type":"Polygon","coordinates":[[[126.984,37.636],[127.022,37.611],[127.03,37.609],[127.05,37.624],[127.062,37.614],[127.071,37.615],[127.071,37.608],[127.043,37.597],[127.023,37.578],[127.009,37.58],[127.002,37.591],[126.977,37.598],[126.987,37.606],[126.975,37.632],[126.984,37.636]]]}},{"type":"Feature","properties":{"code":"KR-11090","name":"강북구","provinceCode":"KR-11","province":"서울","rarity":"COMMON"},"geometry":{"type":"Polygon","coordinates":[[[127.018,37.671],[127.013,37.651],[127.032,37.642],[127.05,37.624],[127.03,37.609],[126.984,37.636],[126.98,37.656],[126.994,37.667],[126.992,37.68],[126.997,37.683],[127.009,37.684],[127.018,37.671]]]}},{"type":"Feature","properties":{"code":"KR-11100","name":"도봉구","provinceCode":"KR-11","province":"서울","rarity":"COMMON"},"geometry":{"type":"Polygon","coordinates":[[[127.015,37.701],[127.028,37.701],[127.032,37.692],[127.049,37.694],[127.052,37.685],[127.048,37.671],[127.056,37.641],[127.05,37.645],[127.042,37.631],[127.013,37.652],[127.019,37.671],[127.009,37.68],[127.008,37.69],[127.015,37.701]]]}},{"type":"Feature","properties":{"code":"KR-11110","name":"노원구","provinceCode":"KR-11","province":"서울","rarity":"COMMON"},"geometry":{"type":"Polygon","coordinates":[[[127.063,37.695],[127.096,37.689],[127.093,37.649],[127.111,37.642],[127.112,37.633],[127.105,37.62],[127.062,37.614],[127.042,37.631],[127.05,37.645],[127.056,37.641],[127.048,37.671],[127.052,37.687],[127.063,37.695]]]}},{"type":"Feature","properties":{"code":"KR-11120","name":"은평구","provinceCode":"KR-11","province":"서울","rarity":"COMMON"},"geometry":{"type":"Polygon","coordinates":[[[126.952,37.655],[126.963,37.633],[126.949,37.624],[126.95,37.611],[126.941,37.599],[126.921,37.583],[126.913,37.587],[126.902,37.576],[126.882,37.591],[126.9,37.59],[126.9,37.611],[126.912,37.644],[126.905,37.649],[126.923,37.646],[126.943,37.658],[126.952,37.655]]]}},{"type":"Feature","properties":{"code":"KR-11130","name":"서대문구","provinceCode":"KR-11","province":"서울","rarity":"COMMON"},"geometry":{"type":"Polygon","coordinates":[[[126.958,37.598],[126.954,37.579],[126.969,37.562],[126.96,37.558],[126.937,37.555],[126.902,37.576],[126.913,37.587],[126.921,37.583],[126.95,37.611],[126.958,37.598]]]}},{"type":"Feature","properties":{"code":"KR-11140","name":"마포구","provinceCode":"KR-11","province":"서울","rarity":"COMMON"},"geometry":{"type":"Polygon","coordinates":[[[126.882,37.591],[126.937,37.555],[126.962,37.559],[126.963,37.549],[126.945,37.534],[126.93,37.541],[126.905,37.541],[126.854,37.572],[126.876,37.578],[126.882,37.591]]]}},{"type":"Feature","properties":{"code":"KR-11150","name":"양천구","provinceCode":"KR-11","province":"서울","rarity":"COMMON"},"geometry":{"type":"Polygon","coordinates":[[[126.875,37.511],[126.874,37.504],[126.853,37.511],[126.834,37.503],[126.824,37.511],[126.828,37.527],[126.822,37.541],[126.83,37.548],[126.841,37.526],[126.864,37.53],[126.864,37.551],[126.881,37.548],[126.891,37.532],[126.879,37.525],[126.875,37.511]]]}},{"type":"Feature","properties":{"code":"KR-11160","name":"강서구","provinceCode":"KR-11","province":"서울","rarity":"COMMON"},"geometry":{"type":"Polygon","coordinates":[[[126.803,37.605],[126.88,37.556],[126.88,37.548],[126.864,37.551],[126.864,37.53],[126.841,37.526],[126.83,37.548],[126.825,37.542],[126.804,37.543],[126.794,37.536],[126.791,37.544],[126.764,37.555],[126.778,37.56],[126.782,37.574],[126.801,37.588],[126.797,37.598],[126.803,37.605]]]}},{"type":"Feature","properties":{"code":"KR-11170","name":"구로구","provinceCode":"KR-11","province":"서울","rarity":"COMMON"},"geometry":{"type":"Polygon","coordinates":[[[126.874,37.504],[126.879,37.518],[126.892,37.509],[126.896,37.489],[126.903,37.485],[126.899,37.479],[126.875,37.485],[126.868,37.495],[126.847,37.482],[126.845,37.474],[126.815,37.475],[126.823,37.488],[126.813,37.496],[126.822,37.508],[126.835,37.503],[126.853,37.511],[126.874,37.504]]]}},{"type":"Feature","properties":{"code":"KR-11180","name":"금천구","provinceCode":"KR-11","province":"서울","rarity":"COMMON"},"geometry":{"type":"Polygon","coordinates":[[[126.872,37.485],[126.896,37.478],[126.91,37.481],[126.914,37.458],[126.928,37.449],[126.903,37.434],[126.872,37.485]]]}},{"type":"Feature","properties":{"code":"KR-11190","name":"영등포구","provinceCode":"KR-11","province":"서울","rarity":"COMMON"},"geometry":{"type":"Polygon","coordinates":[[[126.878,37.553],[126.945,37.534],[126.95,37.518],[126.927,37.516],[126.92,37.498],[126.899,37.487],[126.892,37.509],[126.878,37.519],[126.881,37.528],[126.891,37.532],[126.878,37.553]]]}},{"type":"Feature","properties":{"code":"KR-11200","name":"동작구","provinceCode":"KR-11","province":"서울","rarity":"COMMON"},"geometry":{"type":"Polygon","coordinates":[[[126.98,37.507],[126.982,37.477],[126.965,37.48],[126.96,37.494],[126.928,37.495],[126.903,37.485],[126.92,37.498],[126.927,37.516],[126.957,37.515],[126.98,37.507]]]}},{"type":"Feature","properties":{"code":"KR-11210","name":"관악구","provinceCode":"KR-11","province":"서울","rarity":"COMMON"},"geometry":{"type":"Polygon","coordinates":[[[126.927,37.495],[126.961,37.494],[126.965,37.48],[126.982,37.477],[126.989,37.458],[126.975,37.454],[126.963,37.44],[126.939,37.436],[126.922,37.457],[126.914,37.458],[126.91,37.481],[126.899,37.479],[126.927,37.495]]]}},{"type":"Feature","properties":{"code":"KR-11220","name":"서초구","provinceCode":"KR-11","province":"서울","rarity":"COMMON"},"geometry":{"type":"Polygon","coordinates":[[[126.98,37.507],[127.018,37.522],[127.034,37.484],[127.042,37.485],[127.051,37.468],[127.084,37.476],[127.096,37.461],[127.088,37.445],[127.072,37.442],[127.07,37.431],[127.053,37.429],[127.036,37.439],[127.032,37.466],[127.015,37.455],[127.004,37.468],[126.988,37.459],[126.98,37.507]]]}},{"type":"Feature","properties":{"code":"KR-11230","name":"강남구","provinceCode":"KR-11","province":"서울","rarity":"COMMON"},"geometry":{"type":"Polygon","coordinates":[[[127.065,37.525],[127.07,37.503],[127.108,37.489],[127.124,37.467],[127.117,37.459],[127.106,37.462],[127.095,37.456],[127.084,37.476],[127.051,37.468],[127.042,37.485],[127.034,37.484],[127.017,37.523],[127.009,37.526],[127.021,37.536],[127.04,37.536],[127.065,37.525]]]}},{"type":"Feature","properties":{"code":"KR-11240","name":"송파구","provinceCode":"KR-11","province":"서울","rarity":"COMMON"},"geometry":{"type":"Polygon","coordinates":[[[127.123,37.539],[127.119,37.528],[127.145,37.517],[127.141,37.505],[127.161,37.5],[127.144,37.474],[127.133,37.475],[127.133,37.468],[127.124,37.467],[127.103,37.493],[127.07,37.503],[127.067,37.525],[127.086,37.525],[127.109,37.543],[127.123,37.539]]]}},{"type":"Feature","properties":{"code":"KR-11250","name":"강동구","provinceCode":"KR-11","province":"서울","rarity":"COMMON"},"geometry":{"type":"Polygon","coordinates":[[[127.177,37.579],[127.184,37.545],[127.163,37.545],[127.145,37.517],[127.119,37.528],[127.123,37.539],[127.109,37.543],[127.117,37.559],[127.177,37.579]]]}},{"type":"Feature","properties":{"code":"KR-21010","name":"중구","provinceCode":"KR-21","province":"부산","rarity":"COMMON"},"geometry":{"type":"Polygon","coordinates":[[[129.033,35.116],[129.047,35.107],[129.04,35.107],[129.044,35.103],[129.038,35.104],[129.037,35.097],[129.026,35.096],[129.022,35.108],[129.033,35.116]]]}},{"type":"Feature","properties":{"code":"KR-21020","name":"서구","provinceCode":"KR-21","province":"부산","rarity":"COMMON"},"geometry":{"type":"Polygon","coordinates":[[[128.996,35.14],[129.026,35.136],[129.028,35.113],[129.021,35.103],[129.026,35.096],[129.025,35.076],[129.017,35.074],[129.022,35.062],[129.016,35.053],[129.011,35.052],[129.004,35.078],[129.011,35.077],[129.014,35.094],[128.999,35.12],[129.004,35.136],[128.996,35.14]]]}},{"type":"Feature","properties":{"code":"KR-21030","name":"동구","provinceCode":"KR-21","province":"부산","rarity":"COMMON"},"geometry":{"type":"Polygon","coordinates":[[[129.041,35.146],[129.065,35.141],[129.066,35.13],[129.056,35.118],[129.055,35.125],[129.05,35.124],[129.055,35.116],[129.047,35.117],[129.051,35.112],[129.044,35.108],[129.025,35.118],[129.026,35.136],[129.041,35.146]]]}},{"type":"Feature","properties":{"code":"KR-21040","name":"영도구","provinceCode":"KR-21","province":"부산","rarity":"COMMON"},"geometry":{"type":"Polygon","coordinates":[[[129.062,35.101],[129.079,35.082],[129.083,35.086],[129.079,35.082],[129.083,35.075],[129.096,35.08],[129.08,35.071],[129.096,35.06],[129.092,35.051],[129.065,35.062],[129.065,35.068],[129.04,35.081],[129.031,35.092],[129.062,35.101]]]}},{"type":"Feature","properties":{"code":"KR-21050","name":"부산진구","provinceCode":"KR-21","province":"부산","rarity":"COMMON"},"geometry":{"type":"Polygon","coordinates":[[[129.044,35.199],[129.051,35.185],[129.082,35.172],[129.082,35.155],[129.063,35.149],[129.065,35.141],[129.041,35.146],[129.034,35.137],[129.013,35.137],[129.017,35.153],[129.011,35.159],[129.011,35.174],[129.026,35.194],[129.044,35.199]]]}},{"type":"Feature","properties":{"code":"KR-21060","name":"동래구","provinceCode":"KR-21","province":"부산","rarity":"COMMON"},"geometry":{"type":"Polygon","coordinates":[[[129.059,35.225],[129.087,35.222],[129.084,35.217],[129.11,35.21],[129.116,35.201],[129.115,35.184],[129.081,35.199],[129.062,35.192],[129.048,35.195],[129.044,35.202],[129.059,35.225]]]}},{"type":"Feature","properties":{"code":"KR-21070","name":"남구","provinceCode":"KR-21","province":"부산","rarity":"COMMON"},"geometry":{"type":"Polygon","coordinates":[[[129.095,35.161],[129.102,35.143],[129.114,35.136],[129.109,35.133],[129.118,35.132],[129.117,35.13],[129.113,35.126],[129.113,35.125],[129.121,35.134],[129.129,35.118],[129.124,35.099],[129.113,35.103],[129.115,35.098],[129.109,35.092],[129.111,35.101],[129.105,35.092],[129.1,35.091],[129.095,35.094],[129.093,35.109],[129.09,35.104],[129.075,35.104],[129.066,35.109],[129.074,35.117],[129.065,35.123],[129.063,35.149],[129.095,35.161]],[[129.099,35.095],[129.102,35.092],[129.103,35.093],[129.099,35.095]]]}},{"type":"Feature","properties":{"code":"KR-21080","name":"북구","provinceCode":"KR-21","province":"부산","rarity":"COMMON"},"geometry":{"type":"Polygon","coordinates":[[[129.013,35.274],[129.047,35.274],[129.037,35.261],[129.049,35.255],[129.05,35.241],[129.044,35.231],[129.062,35.226],[129.044,35.199],[129.021,35.187],[128.991,35.194],[128.988,35.201],[128.995,35.213],[128.997,35.236],[129.013,35.274]]]}},{"type":"Feature","properties":{"code":"KR-21090","name":"해운대구","provinceCode":"KR-21","province":"부산","rarity":"COMMON"},"geometry":{"type":"Polygon","coordinates":[[[129.155,35.237],[129.169,35.228],[129.16,35.206],[129.184,35.197],[129.185,35.19],[129.196,35.199],[129.207,35.197],[129.208,35.182],[129.198,35.177],[129.194,35.16],[129.182,35.155],[129.168,35.159],[129.153,35.152],[129.153,35.158],[129.142,35.155],[129.126,35.165],[129.115,35.188],[129.11,35.21],[129.119,35.214],[129.118,35.224],[129.127,35.227],[129.145,35.251],[129.156,35.244],[129.155,35.237]]]}},{"type":"Feature","properties":{"code":"KR-21100","name":"사하구","provinceCode":"KR-21","province":"부산","rarity":"COMMON"},"geometry":{"type":"Polygon","coordinates":[[[128.959,35.05],[128.95,35.082],[128.956,35.106],[128.949,35.107],[128.933,35.074],[128.929,35.078],[128.939,35.108],[128.935,35.112],[128.962,35.137],[128.958,35.119],[129,35.123],[129.014,35.091],[129.011,35.077],[129.004,35.078],[129.004,35.086],[129.001,35.08],[128.993,35.084],[128.998,35.057],[129.001,35.048],[129.007,35.049],[128.992,35.045],[128.988,35.058],[128.973,35.057],[128.983,35.051],[128.97,35.047],[128.978,35.04],[128.966,35.032],[128.968,35.044],[128.959,35.05]]]}},{"type":"Feature","properties":{"code":"KR-21110","name":"금정구","provinceCode":"KR-21","province":"부산","rarity":"COMMON"},"geometry":{"type":"Polygon","coordinates":[[[129.114,35.303],[129.131,35.293],[129.122,35.262],[129.139,35.261],[129.145,35.251],[129.127,35.227],[129.118,35.224],[129.119,35.214],[129.105,35.21],[129.084,35.217],[129.087,35.222],[129.078,35.226],[129.044,35.231],[129.05,35.241],[129.049,35.255],[129.037,35.261],[129.058,35.295],[129.074,35.291],[129.091,35.303],[129.114,35.303]]]}},{"type":"Feature","properties":{"code":"KR-21120","name":"강서구","provinceCode":"KR-21","province":"부산","rarity":"COMMON"},"geometry":{"type":"MultiPolygon","coordinates":[[[[128.846,35.059],[128.851,35.042],[128.835,35.016],[128.84,34.997],[128.828,34.989],[128.83,34.995],[128.822,34.995],[128.818,35.004],[128.827,35.014],[128.806,35.021],[128.815,35.027],[128.808,35.032],[128.812,35.04],[128.798,35.049],[128.803,35.055],[128.791,35.053],[128.791,35.062],[128.832,35.071],[128.832,35.078],[128.812,35.078],[128.812,35.083],[128.829,35.09],[128.835,35.086],[128.834,35.056],[128.842,35.054],[128.846,35.059]]],[[[128.821,35.097],[128.824,35.102],[128.842,35.106],[128.843,35.113],[128.833,35.13],[128.802,35.142],[128.795,35.159],[128.828,35.156],[128.867,35.168],[128.872,35.163],[128.865,35.158],[128.875,35.151],[128.874,35.159],[128.881,35.161],[128.872,35.172],[128.881,35.172],[128.882,35.182],[128.87,35.202],[128.879,35.21],[128.908,35.217],[128.905,35.22],[128.909,35.223],[128.92,35.216],[128.941,35.228],[128.974,35.227],[128.997,35.236],[128.994,35.208],[128.964,35.185],[128.96,35.137],[128.933,35.11],[128.93,35.093],[128.913,35.088],[128.911,35.079],[128.895,35.079],[128.906,35.118],[128.898,35.12],[128.884,35.079],[128.869,35.081],[128.872,35.083],[128.871,35.089],[128.868,35.083],[128.839,35.082],[128.835,35.088],[128.821,35.097]]]]}},{"type":"Feature","properties":{"code":"KR-21130","name":"연제구","provinceCode":"KR-21","province":"부산","rarity":"COMMON"},"geometry":{"type":"Polygon","coordinates":[[[129.078,35.199],[129.115,35.184],[129.111,35.176],[129.097,35.179],[129.092,35.165],[129.095,35.161],[129.083,35.158],[129.079,35.175],[129.063,35.177],[129.047,35.192],[129.078,35.199]]]}},{"type":"Feature","properties":{"code":"KR-21140","name":"수영구","provinceCode":"KR-21","province":"부산","rarity":"COMMON"},"geometry":{"type":"Polygon","coordinates":[[[129.115,35.186],[129.135,35.156],[129.118,35.152],[129.118,35.14],[129.111,35.136],[129.092,35.165],[129.097,35.179],[129.111,35.176],[129.115,35.186]]]}},{"type":"Feature","properties":{"code":"KR-21150","name":"사상구","provinceCode":"KR-21","province":"부산","rarity":"COMMON"},"geometry":{"type":"Polygon","coordinates":[[[128.988,35.196],[129.021,35.187],[129.011,35.174],[129.016,35.143],[129.012,35.137],[128.996,35.14],[129.004,35.136],[129,35.123],[128.959,35.118],[128.963,35.184],[128.988,35.201],[128.988,35.196]]]}},{"type":"Feature","properties":{"code":"KR-21310","name":"기장군","provinceCode":"KR-21","province":"부산","rarity":"RARE"},"geometry":{"type":"Polygon","coordinates":[[[129.217,35.379],[129.266,35.387],[129.282,35.365],[129.285,35.351],[129.28,35.341],[129.3,35.336],[129.305,35.33],[129.306,35.325],[129.304,35.33],[129.302,35.32],[129.291,35.318],[129.281,35.327],[129.262,35.315],[129.256,35.275],[129.234,35.261],[129.252,35.26],[129.253,35.246],[129.245,35.244],[129.25,35.241],[129.243,35.238],[129.239,35.221],[129.227,35.224],[129.222,35.213],[129.23,35.198],[129.224,35.186],[129.208,35.182],[129.207,35.197],[129.195,35.199],[129.185,35.19],[129.184,35.197],[129.16,35.206],[129.169,35.228],[129.155,35.236],[129.156,35.244],[129.138,35.254],[129.139,35.261],[129.122,35.262],[129.13,35.297],[129.109,35.305],[129.135,35.351],[129.118,35.369],[129.15,35.364],[129.176,35.351],[129.199,35.366],[129.194,35.382],[129.199,35.389],[129.217,35.379]]]}},{"type":"Feature","properties":{"code":"KR-22010","name":"중구","provinceCode":"KR-22","province":"대구","rarity":"COMMON"},"geometry":{"type":"Polygon","coordinates":[[[128.578,35.88],[128.613,35.874],[128.608,35.855],[128.574,35.86],[128.578,35.88]]]}},{"type":"Feature","properties":{"code":"KR-22020","name":"동구","provinceCode":"KR-22","province":"대구","rarity":"COMMON"},"geometry":{"type":"Polygon","coordinates":[[[128.696,36.016],[128.727,36.003],[128.735,35.993],[128.731,35.985],[128.746,35.973],[128.738,35.956],[128.744,35.944],[128.737,35.93],[128.759,35.908],[128.761,35.874],[128.76,35.866],[128.739,35.851],[128.724,35.86],[128.685,35.859],[128.676,35.873],[128.659,35.877],[128.645,35.877],[128.63,35.867],[128.615,35.868],[128.607,35.877],[128.622,35.892],[128.632,35.893],[128.627,35.904],[128.633,35.917],[128.623,35.946],[128.627,35.958],[128.619,35.976],[128.603,35.988],[128.619,36.006],[128.696,36.016]]]}},{"type":"Feature","properties":{"code":"KR-22030","name":"서구","provinceCode":"KR-22","province":"대구","rarity":"COMMON"},"geometry":{"type":"Polygon","coordinates":[[[128.552,35.897],[128.582,35.885],[128.574,35.863],[128.548,35.854],[128.519,35.869],[128.518,35.885],[128.535,35.886],[128.552,35.897]]]}},{"type":"Feature","properties":{"code":"KR-22040","name":"남구","provinceCode":"KR-22","province":"대구","rarity":"COMMON"},"geometry":{"type":"Polygon","coordinates":[[[128.574,35.86],[128.609,35.854],[128.608,35.827],[128.588,35.808],[128.555,35.834],[128.574,35.851],[128.574,35.86]]]}},{"type":"Feature","properties":{"code":"KR-22050","name":"북구","provinceCode":"KR-22","province":"대구","rarity":"COMMON"},"geometry":{"type":"Polygon","coordinates":[[[128.617,35.977],[128.627,35.958],[128.623,35.946],[128.632,35.926],[128.632,35.908],[128.627,35.904],[128.632,35.894],[128.617,35.889],[128.607,35.878],[128.611,35.875],[128.58,35.879],[128.582,35.885],[128.555,35.891],[128.552,35.897],[128.534,35.886],[128.505,35.891],[128.508,35.907],[128.529,35.924],[128.534,35.935],[128.529,35.98],[128.543,35.975],[128.553,35.961],[128.557,35.972],[128.603,35.988],[128.617,35.977]]]}},{"type":"Feature","properties":{"code":"KR-22060","name":"수성구","provinceCode":"KR-22","province":"대구","rarity":"COMMON"},"geometry":{"type":"Polygon","coordinates":[[[128.655,35.876],[128.676,35.873],[128.686,35.859],[128.724,35.86],[128.725,35.836],[128.709,35.827],[128.718,35.807],[128.683,35.79],[128.651,35.803],[128.591,35.809],[128.608,35.827],[128.608,35.859],[128.615,35.868],[128.63,35.867],[128.655,35.876]]]}},{"type":"Feature","properties":{"code":"KR-22070","name":"달서구","provinceCode":"KR-22","province":"대구","rarity":"COMMON"},"geometry":{"type":"Polygon","coordinates":[[[128.483,35.816],[128.481,35.83],[128.469,35.838],[128.473,35.858],[128.482,35.868],[128.501,35.863],[128.519,35.869],[128.548,35.854],[128.574,35.863],[128.574,35.851],[128.555,35.834],[128.588,35.808],[128.585,35.799],[128.567,35.795],[128.57,35.78],[128.565,35.775],[128.554,35.773],[128.541,35.79],[128.529,35.788],[128.515,35.806],[128.508,35.806],[128.513,35.811],[128.49,35.82],[128.483,35.816]]]}},{"type":"Feature","properties":{"code":"KR-22310","name":"달성군","provinceCode":"KR-22","province":"대구","rarity":"RARE"},"geometry":{"type":"MultiPolygon","coordinates":[[[[128.503,35.817],[128.529,35.788],[128.541,35.79],[128.554,35.773],[128.57,35.78],[128.569,35.797],[128.585,35.799],[128.591,35.809],[128.675,35.795],[128.683,35.79],[128.686,35.769],[128.695,35.757],[128.691,35.731],[128.683,35.721],[128.664,35.721],[128.624,35.702],[128.614,35.71],[128.612,35.739],[128.59,35.732],[128.582,35.738],[128.565,35.737],[128.528,35.713],[128.534,35.703],[128.532,35.683],[128.508,35.673],[128.511,35.646],[128.506,35.64],[128.483,35.635],[128.478,35.641],[128.446,35.638],[128.432,35.624],[128.423,35.625],[128.382,35.607],[128.373,35.608],[128.401,35.633],[128.4,35.646],[128.362,35.676],[128.352,35.704],[128.359,35.709],[128.415,35.696],[128.435,35.711],[128.432,35.726],[128.391,35.748],[128.384,35.762],[128.421,35.809],[128.47,35.806],[128.49,35.82],[128.503,35.817]]],[[[128.476,35.935],[128.474,35.917],[128.465,35.909],[128.468,35.9],[128.475,35.894],[128.491,35.898],[128.5,35.886],[128.509,35.893],[128.526,35.888],[128.517,35.884],[128.519,35.869],[128.501,35.863],[128.482,35.868],[128.469,35.84],[128.445,35.848],[128.384,35.853],[128.399,35.9],[128.407,35.901],[128.425,35.928],[128.45,35.935],[128.454,35.943],[128.476,35.935]]]]}},{"type":"Feature","properties":{"code":"KR-23010","name":"중구","provinceCode":"KR-23","province":"인천","rarity":"COMMON"},"geometry":{"type":"MultiPolygon","coordinates":[[[[126.414,37.409],[126.442,37.385],[126.435,37.382],[126.441,37.378],[126.434,37.369],[126.413,37.366],[126.407,37.373],[126.408,37.387],[126.396,37.392],[126.405,37.41],[126.414,37.409]]],[[[126.605,37.48],[126.617,37.484],[126.643,37.468],[126.629,37.452],[126.632,37.43],[126.61,37.43],[126.614,37.437],[126.608,37.441],[126.619,37.445],[126.611,37.448],[126.611,37.454],[126.601,37.438],[126.594,37.438],[126.593,37.455],[126.603,37.457],[126.595,37.457],[126.592,37.458],[126.591,37.462],[126.595,37.457],[126.6,37.466],[126.603,37.46],[126.627,37.462],[126.614,37.467],[126.625,37.467],[126.612,37.477],[126.606,37.466],[126.595,37.47],[126.608,37.487],[126.605,37.48]]],[[[126.419,37.422],[126.413,37.435],[126.406,37.439],[126.4,37.434],[126.404,37.44],[126.395,37.446],[126.381,37.435],[126.377,37.442],[126.364,37.442],[126.372,37.447],[126.356,37.47],[126.374,37.472],[126.418,37.497],[126.474,37.499],[126.494,37.508],[126.501,37.535],[126.564,37.515],[126.577,37.504],[126.582,37.489],[126.566,37.48],[126.506,37.466],[126.485,37.444],[126.443,37.421],[126.419,37.422]]]]}},{"type":"Feature","properties":{"code":"KR-23020","name":"동구","provinceCode":"KR-23","province":"인천","rarity":"COMMON"},"geometry":{"type":"Polygon","coordinates":[[[126.627,37.493],[126.641,37.496],[126.674,37.476],[126.655,37.484],[126.653,37.47],[126.643,37.468],[126.61,37.487],[126.626,37.493],[126.638,37.482],[126.627,37.493]]]}},{"type":"Feature","properties":{"code":"KR-23030","name":"남구","provinceCode":"KR-23","province":"인천","rarity":"COMMON"},"geometry":{"type":"Polygon","coordinates":[[[126.655,37.484],[126.697,37.461],[126.693,37.447],[126.703,37.443],[126.695,37.439],[126.698,37.434],[126.676,37.43],[126.656,37.435],[126.632,37.43],[126.629,37.452],[126.643,37.468],[126.653,37.47],[126.655,37.484]]]}},{"type":"Feature","properties":{"code":"KR-23040","name":"연수구","provinceCode":"KR-23","province":"인천","rarity":"COMMON"},"geometry":{"type":"Polygon","coordinates":[[[126.598,37.416],[126.608,37.427],[126.633,37.427],[126.635,37.418],[126.633,37.432],[126.648,37.435],[126.686,37.43],[126.702,37.439],[126.707,37.434],[126.704,37.425],[126.667,37.392],[126.696,37.383],[126.665,37.35],[126.655,37.347],[126.642,37.347],[126.654,37.344],[126.623,37.342],[126.613,37.347],[126.61,37.337],[126.606,37.337],[126.609,37.343],[126.595,37.343],[126.594,37.337],[126.581,37.337],[126.596,37.347],[126.583,37.347],[126.583,37.355],[126.639,37.355],[126.622,37.355],[126.621,37.348],[126.641,37.348],[126.652,37.353],[126.643,37.355],[126.654,37.356],[126.616,37.379],[126.608,37.394],[126.61,37.416],[126.602,37.416],[126.598,37.416],[126.598,37.416]],[[126.653,37.353],[126.644,37.348],[126.663,37.351],[126.655,37.356],[126.653,37.353]]]}},{"type":"Feature","properties":{"code":"KR-23050","name":"남동구","provinceCode":"KR-23","province":"인천","rarity":"COMMON"},"geometry":{"type":"Polygon","coordinates":[[[126.724,37.47],[126.731,37.473],[126.753,37.465],[126.778,37.472],[126.78,37.455],[126.771,37.448],[126.769,37.428],[126.753,37.423],[126.752,37.411],[126.721,37.382],[126.667,37.392],[126.705,37.427],[126.703,37.443],[126.693,37.447],[126.697,37.461],[126.686,37.472],[126.703,37.468],[126.711,37.48],[126.724,37.47]]]}},{"type":"Feature","properties":{"code":"KR-23060","name":"부평구","provinceCode":"KR-23","province":"인천","rarity":"COMMON"},"geometry":{"type":"Polygon","coordinates":[[[126.76,37.524],[126.758,37.516],[126.746,37.515],[126.742,37.509],[126.742,37.487],[126.756,37.483],[126.766,37.47],[126.746,37.465],[126.731,37.473],[126.722,37.47],[126.711,37.48],[126.703,37.468],[126.684,37.474],[126.692,37.485],[126.7,37.485],[126.683,37.515],[126.687,37.522],[126.76,37.524]]]}},{"type":"Feature","properties":{"code":"KR-23070","name":"계양구","provinceCode":"KR-23","province":"인천","rarity":"COMMON"},"geometry":{"type":"Polygon","coordinates":[[[126.739,37.593],[126.752,37.58],[126.768,37.588],[126.794,37.582],[126.776,37.565],[126.778,37.56],[126.764,37.555],[126.76,37.524],[126.689,37.524],[126.684,37.535],[126.706,37.542],[126.712,37.553],[126.7,37.559],[126.701,37.572],[126.683,37.577],[126.682,37.584],[126.714,37.578],[126.722,37.591],[126.739,37.593]]]}},{"type":"Feature","properties":{"code":"KR-23080","name":"서구","provinceCode":"KR-23","province":"인천","rarity":"COMMON"},"geometry":{"type":"Polygon","coordinates":[[[126.725,37.592],[126.714,37.578],[126.682,37.584],[126.683,37.577],[126.701,37.572],[126.7,37.559],[126.712,37.553],[126.706,37.542],[126.693,37.541],[126.683,37.532],[126.689,37.524],[126.683,37.516],[126.692,37.502],[126.689,37.499],[126.7,37.485],[126.69,37.483],[126.686,37.472],[126.64,37.496],[126.639,37.504],[126.605,37.496],[126.597,37.549],[126.607,37.554],[126.589,37.564],[126.575,37.588],[126.614,37.606],[126.626,37.603],[126.637,37.627],[126.647,37.627],[126.654,37.638],[126.694,37.62],[126.705,37.612],[126.705,37.602],[126.714,37.604],[126.725,37.592]]]}},{"type":"Feature","properties":{"code":"KR-23310","name":"강화군","provinceCode":"KR-23","province":"인천","rarity":"RARE"},"geometry":{"type":"MultiPolygon","coordinates":[[[[126.223,37.654],[126.256,37.652],[126.251,37.638],[126.263,37.625],[126.234,37.639],[126.223,37.654]]],[[[126.195,37.685],[126.21,37.667],[126.205,37.657],[126.19,37.658],[126.185,37.668],[126.168,37.667],[126.155,37.677],[126.195,37.685]]],[[[126.33,37.746],[126.318,37.73],[126.319,37.713],[126.343,37.697],[126.366,37.695],[126.379,37.682],[126.373,37.666],[126.341,37.644],[126.326,37.657],[126.329,37.67],[126.319,37.682],[126.269,37.711],[126.288,37.714],[126.293,37.745],[126.318,37.752],[126.33,37.746]]],[[[126.266,37.815],[126.295,37.802],[126.324,37.808],[126.333,37.797],[126.331,37.79],[126.315,37.774],[126.291,37.763],[126.279,37.769],[126.248,37.766],[126.233,37.751],[126.205,37.769],[126.222,37.787],[126.223,37.805],[126.241,37.817],[126.266,37.815]]],[[[126.427,37.832],[126.456,37.808],[126.506,37.783],[126.512,37.762],[126.526,37.748],[126.513,37.717],[126.525,37.702],[126.517,37.675],[126.532,37.665],[126.523,37.656],[126.527,37.647],[126.522,37.646],[126.535,37.622],[126.54,37.625],[126.544,37.618],[126.52,37.611],[126.515,37.597],[126.524,37.598],[126.518,37.592],[126.526,37.587],[126.517,37.58],[126.503,37.59],[126.514,37.593],[126.513,37.599],[126.504,37.596],[126.48,37.605],[126.462,37.589],[126.405,37.594],[126.37,37.613],[126.378,37.619],[126.374,37.631],[126.366,37.635],[126.398,37.64],[126.411,37.652],[126.404,37.676],[126.388,37.69],[126.391,37.696],[126.359,37.704],[126.351,37.715],[126.352,37.74],[126.357,37.741],[126.35,37.79],[126.387,37.807],[126.392,37.823],[126.414,37.822],[126.427,37.832]]]]}},{"type":"Feature","properties":{"code":"KR-23320","name":"옹진군","provinceCode":"KR-23","province":"인천","rarity":"LEGEND"},"geometry":{"type":"MultiPolygon","coordinates":[[[[126.086,37.106],[126.09,37.1],[126.085,37.091],[126.075,37.084],[126.064,37.085],[126.067,37.096],[126.06,37.096],[126.067,37.107],[126.086,37.106]]],[[[126.095,37.188],[126.115,37.18],[126.108,37.176],[126.113,37.17],[126.108,37.166],[126.093,37.168],[126.085,37.176],[126.095,37.188]]],[[[126.285,37.272],[126.332,37.255],[126.335,37.263],[126.349,37.26],[126.342,37.25],[126.317,37.245],[126.281,37.259],[126.285,37.272]]],[[[126.108,37.272],[126.112,37.258],[126.118,37.258],[126.118,37.248],[126.128,37.252],[126.141,37.238],[126.15,37.239],[126.166,37.231],[126.144,37.222],[126.148,37.214],[126.117,37.209],[126.11,37.213],[126.116,37.216],[126.111,37.224],[126.101,37.222],[126.102,37.23],[126.085,37.222],[126.092,37.232],[126.09,37.248],[126.103,37.266],[126.1,37.272],[126.108,37.272]]],[[[126.482,37.244],[126.459,37.224],[126.453,37.231],[126.433,37.232],[126.433,37.258],[126.428,37.263],[126.436,37.266],[126.434,37.274],[126.448,37.272],[126.454,37.277],[126.45,37.28],[126.47,37.288],[126.475,37.283],[126.488,37.283],[126.498,37.277],[126.494,37.27],[126.502,37.258],[126.497,37.254],[126.486,37.259],[126.487,37.254],[126.476,37.253],[126.482,37.244]]],[[[126.472,37.537],[126.474,37.529],[126.467,37.528],[126.47,37.512],[126.446,37.52],[126.429,37.516],[126.457,37.544],[126.472,37.537]]],[[[126.308,37.56],[126.337,37.551],[126.353,37.535],[126.384,37.539],[126.384,37.531],[126.342,37.526],[126.336,37.531],[126.327,37.522],[126.329,37.542],[126.308,37.56]]],[[[125.678,37.679],[125.717,37.674],[125.707,37.663],[125.693,37.652],[125.684,37.653],[125.686,37.667],[125.678,37.679]]],[[[124.716,37.826],[124.718,37.814],[124.703,37.805],[124.69,37.808],[124.685,37.8],[124.68,37.802],[124.684,37.814],[124.663,37.822],[124.677,37.82],[124.688,37.836],[124.704,37.843],[124.703,37.85],[124.728,37.841],[124.715,37.834],[124.716,37.826]]],[[[124.671,37.981],[124.722,37.982],[124.73,37.978],[124.733,37.966],[124.746,37.959],[124.733,37.962],[124.73,37.957],[124.738,37.954],[124.724,37.954],[124.708,37.945],[124.7,37.92],[124.691,37.917],[124.68,37.923],[124.639,37.924],[124.626,37.954],[124.612,37.961],[124.61,37.97],[124.617,37.98],[124.641,37.969],[124.671,37.981]]]]}},{"type":"Feature","properties":{"code":"KR-24010","name":"동구","provinceCode":"KR-24","province":"광주","rarity":"COMMON"},"geometry":{"type":"Polygon","coordinates":[[[126.916,35.165],[126.955,35.152],[126.955,35.141],[126.982,35.138],[126.993,35.123],[127.004,35.121],[126.986,35.106],[126.989,35.095],[126.963,35.087],[126.952,35.073],[126.932,35.074],[126.912,35.111],[126.912,35.116],[126.93,35.126],[126.907,35.151],[126.916,35.165]]]}},{"type":"Feature","properties":{"code":"KR-24020","name":"서구","provinceCode":"KR-24","province":"광주","rarity":"COMMON"},"geometry":{"type":"Polygon","coordinates":[[[126.876,35.171],[126.91,35.149],[126.896,35.152],[126.885,35.147],[126.888,35.117],[126.874,35.119],[126.871,35.11],[126.82,35.091],[126.803,35.093],[126.803,35.112],[126.816,35.117],[126.822,35.127],[126.819,35.133],[126.83,35.141],[126.825,35.166],[126.837,35.171],[126.839,35.178],[126.876,35.171]]]}},{"type":"Feature","properties":{"code":"KR-24030","name":"남구","provinceCode":"KR-24","province":"광주","rarity":"COMMON"},"geometry":{"type":"Polygon","coordinates":[[[126.896,35.152],[126.93,35.126],[126.912,35.116],[126.921,35.097],[126.906,35.082],[126.885,35.082],[126.872,35.074],[126.856,35.078],[126.844,35.065],[126.822,35.06],[126.818,35.053],[126.805,35.052],[126.795,35.061],[126.773,35.053],[126.765,35.064],[126.756,35.059],[126.754,35.067],[126.783,35.073],[126.805,35.095],[126.82,35.091],[126.871,35.11],[126.874,35.119],[126.888,35.117],[126.885,35.147],[126.896,35.152]]]}},{"type":"Feature","properties":{"code":"KR-24040","name":"북구","provinceCode":"KR-24","province":"광주","rarity":"COMMON"},"geometry":{"type":"Polygon","coordinates":[[[126.934,35.247],[126.933,35.242],[126.952,35.225],[126.95,35.216],[126.966,35.203],[126.959,35.193],[126.968,35.181],[127,35.189],[127.021,35.173],[127.008,35.156],[127.011,35.124],[126.993,35.123],[126.982,35.138],[126.955,35.141],[126.955,35.152],[126.939,35.161],[126.916,35.165],[126.907,35.151],[126.888,35.161],[126.884,35.17],[126.839,35.178],[126.86,35.186],[126.852,35.198],[126.857,35.217],[126.835,35.229],[126.844,35.237],[126.88,35.252],[126.89,35.247],[126.905,35.258],[126.934,35.247]]]}},{"type":"Feature","properties":{"code":"KR-24050","name":"광산구","provinceCode":"KR-24","province":"광주","rarity":"COMMON"},"geometry":{"type":"Polygon","coordinates":[[[126.763,35.257],[126.756,35.234],[126.805,35.218],[126.824,35.226],[126.825,35.232],[126.853,35.222],[126.857,35.217],[126.852,35.197],[126.86,35.186],[126.841,35.182],[126.837,35.171],[126.825,35.166],[126.83,35.141],[126.819,35.133],[126.822,35.125],[126.803,35.112],[126.802,35.092],[126.785,35.074],[126.771,35.07],[126.762,35.091],[126.732,35.113],[126.729,35.108],[126.705,35.113],[126.667,35.105],[126.669,35.111],[126.652,35.121],[126.653,35.144],[126.645,35.147],[126.654,35.153],[126.654,35.165],[126.672,35.172],[126.653,35.193],[126.677,35.191],[126.687,35.215],[126.703,35.208],[126.718,35.212],[126.737,35.253],[126.763,35.257]]]}},{"type":"Feature","properties":{"code":"KR-25010","name":"동구","provinceCode":"KR-25","province":"대전","rarity":"COMMON"},"geometry":{"type":"Polygon","coordinates":[[[127.502,36.409],[127.511,36.41],[127.515,36.422],[127.524,36.423],[127.542,36.419],[127.546,36.409],[127.56,36.398],[127.539,36.398],[127.525,36.388],[127.523,36.356],[127.501,36.34],[127.503,36.326],[127.496,36.32],[127.499,36.306],[127.491,36.297],[127.499,36.283],[127.486,36.261],[127.493,36.238],[127.468,36.223],[127.47,36.215],[127.454,36.207],[127.456,36.201],[127.441,36.195],[127.422,36.208],[127.424,36.228],[127.434,36.228],[127.443,36.239],[127.436,36.253],[127.427,36.254],[127.44,36.27],[127.427,36.291],[127.458,36.294],[127.414,36.344],[127.421,36.344],[127.435,36.361],[127.445,36.351],[127.465,36.351],[127.466,36.36],[127.451,36.381],[127.455,36.4],[127.488,36.439],[127.502,36.409]]]}},{"type":"Feature","properties":{"code":"KR-25020","name":"중구","provinceCode":"KR-25","province":"대전","rarity":"COMMON"},"geometry":{"type":"Polygon","coordinates":[[[127.404,36.35],[127.458,36.294],[127.428,36.292],[127.44,36.27],[127.427,36.254],[127.436,36.253],[127.443,36.239],[127.434,36.228],[127.424,36.228],[127.426,36.212],[127.42,36.207],[127.408,36.213],[127.411,36.218],[127.399,36.233],[127.387,36.234],[127.39,36.262],[127.372,36.272],[127.367,36.285],[127.382,36.297],[127.386,36.32],[127.403,36.339],[127.404,36.35]]]}},{"type":"Feature","properties":{"code":"KR-25030","name":"서구","provinceCode":"KR-25","province":"대전","rarity":"COMMON"},"geometry":{"type":"Polygon","coordinates":[[[127.389,36.371],[127.401,36.361],[127.403,36.339],[127.389,36.328],[127.382,36.297],[127.367,36.285],[127.372,36.27],[127.361,36.264],[127.364,36.219],[127.35,36.208],[127.334,36.183],[127.334,36.201],[127.323,36.204],[127.322,36.213],[127.304,36.23],[127.303,36.222],[127.294,36.223],[127.282,36.236],[127.279,36.252],[127.31,36.273],[127.322,36.297],[127.332,36.302],[127.34,36.318],[127.336,36.33],[127.354,36.333],[127.351,36.353],[127.375,36.372],[127.389,36.371]]]}},{"type":"Feature","properties":{"code":"KR-25040","name":"유성구","provinceCode":"KR-25","province":"대전","rarity":"COMMON"},"geometry":{"type":"Polygon","coordinates":[[[127.384,36.5],[127.404,36.481],[127.402,36.456],[127.389,36.443],[127.42,36.415],[127.411,36.38],[127.393,36.371],[127.375,36.372],[127.351,36.353],[127.354,36.332],[127.336,36.33],[127.339,36.313],[127.311,36.283],[127.31,36.273],[127.292,36.264],[127.259,36.276],[127.247,36.291],[127.26,36.296],[127.26,36.327],[127.268,36.331],[127.269,36.341],[127.279,36.345],[127.271,36.361],[127.281,36.375],[127.282,36.415],[127.304,36.425],[127.326,36.422],[127.341,36.431],[127.345,36.444],[127.359,36.456],[127.357,36.463],[127.364,36.475],[127.36,36.489],[127.384,36.5]]]}},{"type":"Feature","properties":{"code":"KR-25050","name":"대덕구","provinceCode":"KR-25","province":"대전","rarity":"COMMON"},"geometry":{"type":"Polygon","coordinates":[[[127.486,36.453],[127.501,36.456],[127.504,36.452],[127.458,36.403],[127.451,36.381],[127.466,36.36],[127.465,36.352],[127.445,36.351],[127.435,36.361],[127.415,36.341],[127.393,36.372],[127.411,36.38],[127.42,36.414],[127.391,36.439],[127.392,36.449],[127.402,36.456],[127.427,36.457],[127.455,36.45],[127.467,36.47],[127.48,36.477],[127.485,36.475],[127.478,36.458],[127.486,36.453]]]}},{"type":"Feature","properties":{"code":"KR-26010","name":"중구","provinceCode":"KR-26","province":"울산","rarity":"COMMON"},"geometry":{"type":"Polygon","coordinates":[[[129.334,35.594],[129.348,35.595],[129.354,35.563],[129.35,35.55],[129.306,35.553],[129.296,35.545],[129.259,35.562],[129.253,35.59],[129.295,35.576],[129.29,35.593],[129.31,35.589],[129.331,35.599],[129.334,35.594]]]}},{"type":"Feature","properties":{"code":"KR-26020","name":"남구","provinceCode":"KR-26","province":"울산","rarity":"COMMON"},"geometry":{"type":"Polygon","coordinates":[[[129.266,35.556],[129.296,35.545],[129.307,35.553],[129.347,35.55],[129.375,35.54],[129.378,35.528],[129.372,35.524],[129.375,35.518],[129.386,35.516],[129.387,35.502],[129.363,35.504],[129.368,35.498],[129.379,35.5],[129.391,35.486],[129.391,35.478],[129.389,35.488],[129.374,35.47],[129.375,35.462],[129.363,35.46],[129.369,35.454],[129.355,35.459],[129.338,35.482],[129.307,35.497],[129.301,35.495],[129.274,35.529],[129.237,35.536],[129.256,35.554],[129.266,35.556]]]}},{"type":"Feature","properties":{"code":"KR-26030","name":"동구","provinceCode":"KR-26","province":"울산","rarity":"COMMON"},"geometry":{"type":"Polygon","coordinates":[[[129.454,35.569],[129.459,35.558],[129.454,35.528],[129.439,35.529],[129.439,35.52],[129.45,35.525],[129.448,35.509],[129.433,35.511],[129.432,35.505],[129.443,35.506],[129.431,35.496],[129.445,35.492],[129.431,35.478],[129.425,35.485],[129.406,35.472],[129.408,35.493],[129.396,35.501],[129.397,35.512],[129.388,35.527],[129.408,35.516],[129.41,35.524],[129.401,35.529],[129.413,35.559],[129.454,35.569]]]}},{"type":"Feature","properties":{"code":"KR-26040","name":"북구","provinceCode":"KR-26","province":"울산","rarity":"COMMON"},"geometry":{"type":"Polygon","coordinates":[[[129.361,35.679],[129.373,35.669],[129.4,35.668],[129.45,35.651],[129.442,35.645],[129.441,35.63],[129.464,35.604],[129.465,35.586],[129.454,35.58],[129.453,35.572],[129.42,35.564],[129.408,35.551],[129.401,35.529],[129.41,35.524],[129.408,35.516],[129.375,35.54],[129.348,35.549],[129.354,35.563],[129.348,35.595],[129.324,35.599],[129.31,35.589],[129.29,35.593],[129.3,35.614],[129.294,35.621],[129.296,35.645],[129.304,35.657],[129.328,35.659],[129.334,35.67],[129.361,35.679]]]}},{"type":"Feature","properties":{"code":"KR-26310","name":"울주군","provinceCode":"KR-26","province":"울산","rarity":"RARE"},"geometry":{"type":"Polygon","coordinates":[[[129.142,35.724],[129.176,35.716],[129.181,35.724],[129.198,35.715],[129.207,35.721],[129.234,35.704],[129.257,35.701],[129.263,35.691],[129.256,35.66],[129.297,35.643],[129.294,35.621],[129.3,35.614],[129.29,35.594],[129.295,35.576],[129.253,35.59],[129.259,35.562],[129.266,35.557],[129.237,35.536],[129.274,35.529],[129.301,35.495],[129.307,35.497],[129.336,35.483],[129.35,35.448],[129.36,35.448],[129.355,35.438],[129.374,35.447],[129.366,35.437],[129.374,35.431],[129.353,35.427],[129.364,35.425],[129.364,35.415],[129.356,35.413],[129.363,35.407],[129.354,35.402],[129.355,35.394],[129.347,35.39],[129.345,35.378],[129.362,35.359],[129.345,35.352],[129.335,35.356],[129.312,35.33],[129.28,35.341],[129.285,35.351],[129.282,35.365],[129.266,35.387],[129.219,35.379],[129.201,35.388],[129.219,35.408],[129.2,35.424],[129.197,35.439],[129.166,35.432],[129.122,35.463],[129.108,35.481],[129.105,35.496],[129.053,35.514],[129.056,35.532],[129.013,35.523],[129.008,35.529],[128.995,35.528],[128.997,35.544],[128.989,35.552],[128.981,35.546],[128.972,35.557],[128.996,35.568],[129.023,35.591],[129.023,35.613],[129.008,35.616],[129.003,35.62],[129.006,35.623],[129.021,35.635],[129.037,35.632],[129.047,35.651],[129.081,35.643],[129.068,35.659],[129.067,35.671],[129.08,35.696],[129.137,35.713],[129.142,35.724]]]}},{"type":"Feature","properties":{"code":"KR-29010","name":"세종시","provinceCode":"KR-29","province":"세종","rarity":"COMMON"},"geometry":{"type":"Polygon","coordinates":[[[127.16,36.733],[127.203,36.726],[127.248,36.695],[127.273,36.695],[127.304,36.685],[127.305,36.668],[127.289,36.659],[127.283,36.642],[127.276,36.64],[127.279,36.634],[127.292,36.636],[127.292,36.626],[127.307,36.601],[127.3,36.586],[127.321,36.584],[127.338,36.562],[127.378,36.568],[127.373,36.56],[127.384,36.542],[127.405,36.537],[127.409,36.524],[127.398,36.521],[127.409,36.51],[127.411,36.496],[127.396,36.492],[127.384,36.5],[127.36,36.489],[127.364,36.475],[127.357,36.463],[127.359,36.456],[127.329,36.423],[127.304,36.425],[127.277,36.414],[127.263,36.417],[127.251,36.407],[127.242,36.419],[127.227,36.421],[127.218,36.434],[127.199,36.44],[127.198,36.452],[127.205,36.459],[127.192,36.475],[127.195,36.49],[127.177,36.493],[127.173,36.497],[127.178,36.502],[127.17,36.509],[127.182,36.521],[127.173,36.533],[127.174,36.542],[127.192,36.546],[127.187,36.553],[127.208,36.578],[127.193,36.581],[127.191,36.594],[127.184,36.591],[127.156,36.606],[127.15,36.619],[127.16,36.624],[127.153,36.645],[127.161,36.656],[127.155,36.664],[127.164,36.678],[127.161,36.69],[127.157,36.696],[127.156,36.691],[127.142,36.69],[127.136,36.705],[127.128,36.709],[127.16,36.733]]]}},{"type":"Feature","properties":{"code":"KR-31011","name":"수원시장안구","provinceCode":"KR-31","province":"경기","rarity":"COMMON"},"geometry":{"type":"Polygon","coordinates":[[[127.015,37.35],[127.033,37.345],[127.039,37.323],[127.032,37.31],[127.035,37.294],[127.009,37.286],[126.985,37.291],[126.97,37.287],[126.961,37.302],[126.971,37.332],[126.983,37.327],[127.009,37.339],[127.015,37.35]]]}},{"type":"Feature","properties":{"code":"KR-31012","name":"수원시권선구","provinceCode":"KR-31","province":"경기","rarity":"COMMON"},"geometry":{"type":"Polygon","coordinates":[[[127.042,37.251],[127.022,37.225],[127.003,37.23],[126.999,37.226],[126.988,37.234],[126.97,37.229],[126.95,37.256],[126.931,37.261],[126.928,37.282],[126.94,37.295],[126.933,37.303],[126.961,37.302],[126.97,37.287],[126.987,37.283],[126.988,37.275],[126.993,37.277],[127.001,37.264],[127.01,37.268],[127.032,37.262],[127.042,37.251]]]}},{"type":"Feature","properties":{"code":"KR-31013","name":"수원시팔달구","provinceCode":"KR-31","province":"경기","rarity":"COMMON"},"geometry":{"type":"Polygon","coordinates":[[[127.041,37.291],[127.039,37.284],[127.043,37.286],[127.046,37.274],[127.037,37.275],[127.033,37.267],[127.041,37.265],[127.037,37.257],[127.01,37.268],[127.001,37.264],[126.977,37.288],[127.009,37.286],[127.041,37.291]]]}},{"type":"Feature","properties":{"code":"KR-31014","name":"수원시영통구","provinceCode":"KR-31","province":"경기","rarity":"COMMON"},"geometry":{"type":"Polygon","coordinates":[[[127.04,37.321],[127.061,37.311],[127.06,37.297],[127.079,37.293],[127.09,37.298],[127.089,37.287],[127.071,37.281],[127.065,37.27],[127.076,37.261],[127.085,37.27],[127.082,37.25],[127.053,37.231],[127.039,37.237],[127.041,37.265],[127.033,37.267],[127.037,37.275],[127.046,37.274],[127.043,37.286],[127.039,37.284],[127.041,37.291],[127.034,37.293],[127.033,37.312],[127.04,37.321]]]}},{"type":"Feature","properties":{"code":"KR-31021","name":"성남시수정구","provinceCode":"KR-31","province":"경기","rarity":"COMMON"},"geometry":{"type":"Polygon","coordinates":[[[127.133,37.475],[127.177,37.472],[127.157,37.445],[127.118,37.432],[127.117,37.409],[127.095,37.407],[127.084,37.397],[127.043,37.404],[127.047,37.413],[127.042,37.416],[127.042,37.428],[127.07,37.431],[127.072,37.442],[127.088,37.445],[127.104,37.462],[127.117,37.459],[127.125,37.47],[127.133,37.468],[127.133,37.475]]]}},{"type":"Feature","properties":{"code":"KR-31022","name":"성남시중원구","provinceCode":"KR-31","province":"경기","rarity":"COMMON"},"geometry":{"type":"Polygon","coordinates":[[[127.181,37.473],[127.196,37.444],[127.194,37.425],[127.185,37.416],[127.173,37.405],[127.142,37.416],[127.119,37.416],[127.118,37.432],[127.157,37.445],[127.181,37.473]]]}},{"type":"Feature","properties":{"code":"KR-31023","name":"성남시분당구","provinceCode":"KR-31","province":"경기","rarity":"COMMON"},"geometry":{"type":"Polygon","coordinates":[[[127.122,37.417],[127.174,37.406],[127.168,37.393],[127.177,37.387],[127.162,37.38],[127.151,37.362],[127.135,37.358],[127.138,37.34],[127.111,37.335],[127.086,37.352],[127.078,37.35],[127.071,37.358],[127.028,37.372],[127.038,37.391],[127.037,37.401],[127.043,37.404],[127.084,37.397],[127.095,37.407],[127.116,37.409],[127.122,37.417]]]}},{"type":"Feature","properties":{"code":"KR-31030","name":"의정부시","provinceCode":"KR-31","province":"경기","rarity":"COMMON"},"geometry":{"type":"Polygon","coordinates":[[[127.106,37.78],[127.127,37.771],[127.126,37.764],[127.14,37.764],[127.147,37.752],[127.129,37.748],[127.126,37.727],[127.108,37.708],[127.063,37.695],[127.052,37.686],[127.049,37.694],[127.032,37.692],[127.028,37.701],[127.015,37.701],[127.012,37.726],[127.002,37.741],[127.007,37.748],[127.002,37.763],[127.017,37.769],[127.06,37.762],[127.106,37.78]]]}},{"type":"Feature","properties":{"code":"KR-31041","name":"안양시만안구","provinceCode":"KR-31","province":"경기","rarity":"COMMON"},"geometry":{"type":"Polygon","coordinates":[[[126.939,37.436],[126.948,37.439],[126.949,37.422],[126.925,37.411],[126.928,37.401],[126.941,37.392],[126.941,37.377],[126.918,37.377],[126.906,37.362],[126.896,37.359],[126.891,37.375],[126.881,37.377],[126.878,37.405],[126.87,37.407],[126.871,37.413],[126.889,37.411],[126.899,37.439],[126.909,37.434],[126.928,37.45],[126.939,37.436]]]}},{"type":"Feature","properties":{"code":"KR-31042","name":"안양시동안구","provinceCode":"KR-31","province":"경기","rarity":"COMMON"},"geometry":{"type":"Polygon","coordinates":[[[126.965,37.439],[126.962,37.421],[126.974,37.415],[126.983,37.4],[126.962,37.361],[126.939,37.38],[126.941,37.392],[126.928,37.401],[126.925,37.411],[126.949,37.422],[126.948,37.439],[126.965,37.439]]]}},{"type":"Feature","properties":{"code":"KR-31050","name":"부천시","provinceCode":"KR-31","province":"경기","rarity":"COMMON"},"geometry":{"type":"Polygon","coordinates":[[[126.766,37.554],[126.787,37.546],[126.794,37.536],[126.807,37.544],[126.822,37.541],[126.828,37.529],[126.827,37.509],[126.813,37.496],[126.823,37.488],[126.815,37.475],[126.833,37.477],[126.833,37.466],[126.826,37.459],[126.789,37.466],[126.784,37.472],[126.768,37.472],[126.742,37.487],[126.742,37.509],[126.76,37.518],[126.766,37.554]]]}},{"type":"Feature","properties":{"code":"KR-31060","name":"광명시","provinceCode":"KR-31","province":"경기","rarity":"COMMON"},"geometry":{"type":"Polygon","coordinates":[[[126.868,37.495],[126.877,37.489],[126.873,37.482],[126.9,37.435],[126.889,37.411],[126.871,37.413],[126.877,37.402],[126.859,37.402],[126.846,37.412],[126.838,37.457],[126.826,37.459],[126.833,37.466],[126.833,37.477],[126.845,37.474],[126.847,37.482],[126.868,37.495]]]}},{"type":"Feature","properties":{"code":"KR-31070","name":"평택시","provinceCode":"KR-31","province":"경기","rarity":"COMMON"},"geometry":{"type":"Polygon","coordinates":[[[127.123,37.144],[127.121,37.13],[127.109,37.123],[127.126,37.082],[127.104,37.076],[127.102,37.069],[127.13,37.059],[127.106,37.035],[127.113,37.027],[127.122,37.035],[127.152,37.028],[127.144,37.013],[127.154,36.998],[127.133,36.988],[127.141,36.979],[127.124,36.977],[127.097,36.96],[127.103,36.953],[127.096,36.942],[127.086,36.948],[127.074,36.939],[127.065,36.942],[127.031,36.928],[127.016,36.935],[126.995,36.935],[126.91,36.902],[126.899,36.93],[126.887,36.936],[126.867,36.933],[126.859,36.951],[126.854,36.948],[126.859,36.942],[126.85,36.946],[126.826,36.986],[126.821,36.985],[126.813,36.987],[126.821,36.986],[126.823,36.991],[126.812,36.995],[126.81,36.988],[126.804,36.99],[126.809,36.996],[126.804,36.998],[126.79,36.995],[126.779,37.007],[126.787,37.013],[126.851,37.018],[126.884,37.067],[126.905,37.073],[126.94,37.061],[126.969,37.073],[126.996,37.07],[126.99,37.087],[127,37.086],[126.995,37.109],[127,37.111],[126.994,37.115],[127.001,37.128],[127.036,37.136],[127.045,37.126],[127.056,37.134],[127.067,37.127],[127.086,37.127],[127.091,37.131],[127.088,37.135],[127.1,37.143],[127.123,37.144]]]}},{"type":"Feature","properties":{"code":"KR-31080","name":"동두천시","provinceCode":"KR-31","province":"경기","rarity":"COMMON"},"geometry":{"type":"Polygon","coordinates":[[[127.049,37.979],[127.091,37.972],[127.092,37.959],[127.099,37.953],[127.095,37.944],[127.109,37.94],[127.122,37.917],[127.147,37.911],[127.155,37.895],[127.147,37.876],[127.128,37.874],[127.109,37.86],[127.088,37.872],[127.061,37.869],[127.045,37.895],[127.011,37.905],[127.006,37.915],[127.013,37.92],[127.01,37.928],[127.026,37.941],[127.029,37.956],[127.042,37.96],[127.049,37.979]]]}},{"type":"Feature","properties":{"code":"KR-31091","name":"안산시상록구","provinceCode":"KR-31","province":"경기","rarity":"COMMON"},"geometry":{"type":"Polygon","coordinates":[[[126.881,37.377],[126.891,37.375],[126.896,37.359],[126.873,37.329],[126.874,37.321],[126.908,37.322],[126.916,37.316],[126.915,37.306],[126.93,37.307],[126.94,37.295],[126.927,37.279],[126.914,37.291],[126.901,37.291],[126.89,37.282],[126.863,37.282],[126.863,37.273],[126.843,37.268],[126.816,37.294],[126.822,37.304],[126.842,37.306],[126.842,37.334],[126.837,37.338],[126.843,37.344],[126.834,37.35],[126.841,37.363],[126.865,37.362],[126.881,37.377]]]}},{"type":"Feature","properties":{"code":"KR-31092","name":"안산시단원구","provinceCode":"KR-31","province":"경기","rarity":"COMMON"},"geometry":{"type":"MultiPolygon","coordinates":[[[[126.586,37.291],[126.584,37.285],[126.589,37.29],[126.59,37.29],[126.61,37.279],[126.589,37.29],[126.585,37.285],[126.586,37.284],[126.624,37.264],[126.637,37.272],[126.643,37.269],[126.639,37.264],[126.641,37.263],[126.64,37.265],[126.644,37.268],[126.643,37.271],[126.631,37.281],[126.643,37.272],[126.644,37.267],[126.637,37.253],[126.655,37.216],[126.647,37.191],[126.642,37.204],[126.647,37.211],[126.641,37.215],[126.629,37.218],[126.626,37.202],[126.629,37.219],[126.622,37.236],[126.619,37.23],[126.588,37.233],[126.61,37.221],[126.615,37.209],[126.605,37.212],[126.604,37.21],[126.599,37.202],[126.595,37.198],[126.605,37.212],[126.601,37.221],[126.591,37.213],[126.587,37.221],[126.576,37.221],[126.563,37.193],[126.545,37.206],[126.544,37.215],[126.557,37.218],[126.542,37.225],[126.544,37.233],[126.569,37.237],[126.561,37.242],[126.559,37.267],[126.533,37.289],[126.562,37.277],[126.577,37.29],[126.572,37.298],[126.578,37.293],[126.606,37.313],[126.616,37.314],[126.578,37.293],[126.586,37.291]]],[[[126.824,37.366],[126.842,37.363],[126.834,37.35],[126.843,37.344],[126.837,37.338],[126.842,37.334],[126.841,37.306],[126.768,37.293],[126.718,37.308],[126.739,37.33],[126.748,37.325],[126.761,37.341],[126.786,37.338],[126.795,37.355],[126.812,37.356],[126.824,37.366]]]]}},{"type":"Feature","properties":{"code":"KR-31101","name":"고양시덕양구","provinceCode":"KR-31","province":"경기","rarity":"COMMON"},"geometry":{"type":"Polygon","coordinates":[[[126.931,37.747],[126.931,37.736],[126.922,37.73],[126.925,37.709],[126.908,37.67],[126.941,37.671],[126.945,37.686],[126.955,37.693],[126.982,37.685],[126.994,37.673],[126.98,37.656],[126.984,37.636],[126.975,37.632],[126.958,37.629],[126.963,37.633],[126.957,37.653],[126.948,37.659],[126.924,37.646],[126.905,37.649],[126.912,37.644],[126.9,37.611],[126.9,37.59],[126.888,37.589],[126.885,37.594],[126.876,37.578],[126.854,37.572],[126.76,37.63],[126.764,37.635],[126.791,37.626],[126.795,37.64],[126.817,37.646],[126.817,37.656],[126.811,37.658],[126.823,37.663],[126.821,37.672],[126.849,37.69],[126.854,37.688],[126.856,37.694],[126.837,37.727],[126.841,37.732],[126.855,37.735],[126.889,37.723],[126.903,37.729],[126.901,37.737],[126.911,37.747],[126.931,37.747]]]}},{"type":"Feature","properties":{"code":"KR-31103","name":"고양시일산동구","provinceCode":"KR-31","province":"경기","rarity":"COMMON"},"geometry":{"type":"Polygon","coordinates":[[[126.811,37.724],[126.837,37.727],[126.856,37.693],[126.821,37.672],[126.823,37.663],[126.811,37.658],[126.817,37.656],[126.817,37.646],[126.795,37.64],[126.791,37.626],[126.764,37.635],[126.76,37.63],[126.736,37.643],[126.732,37.648],[126.745,37.655],[126.748,37.665],[126.763,37.663],[126.777,37.679],[126.782,37.699],[126.774,37.703],[126.774,37.709],[126.794,37.726],[126.794,37.735],[126.799,37.737],[126.811,37.724]]]}},{"type":"Feature","properties":{"code":"KR-31104","name":"고양시일산서구","provinceCode":"KR-31","province":"경기","rarity":"COMMON"},"geometry":{"type":"Polygon","coordinates":[[[126.725,37.705],[126.782,37.699],[126.773,37.673],[126.763,37.663],[126.748,37.665],[126.745,37.655],[126.732,37.648],[126.678,37.672],[126.67,37.684],[126.674,37.7],[126.69,37.689],[126.725,37.705]]]}},{"type":"Feature","properties":{"code":"KR-31110","name":"과천시","provinceCode":"KR-31","province":"경기","rarity":"COMMON"},"geometry":{"type":"Polygon","coordinates":[[[127.004,37.467],[127.015,37.455],[127.035,37.464],[127.036,37.439],[127.047,37.431],[127.039,37.414],[127.013,37.414],[127,37.405],[126.988,37.408],[126.982,37.401],[126.962,37.421],[126.964,37.445],[127.004,37.467]]]}},{"type":"Feature","properties":{"code":"KR-31120","name":"구리시","provinceCode":"KR-31","province":"경기","rarity":"COMMON"},"geometry":{"type":"Polygon","coordinates":[[[127.147,37.643],[127.149,37.635],[127.143,37.623],[127.148,37.606],[127.154,37.597],[127.168,37.593],[127.16,37.587],[127.171,37.581],[127.149,37.568],[127.105,37.556],[127.101,37.576],[127.117,37.594],[127.118,37.605],[127.116,37.619],[127.104,37.622],[127.112,37.633],[127.111,37.642],[127.147,37.643]]]}},{"type":"Feature","properties":{"code":"KR-31130","name":"남양주시","provinceCode":"KR-31","province":"경기","rarity":"COMMON"},"geometry":{"type":"Polygon","coordinates":[[[127.273,37.774],[127.294,37.775],[127.32,37.766],[127.334,37.753],[127.343,37.729],[127.355,37.724],[127.359,37.695],[127.372,37.692],[127.367,37.688],[127.377,37.675],[127.381,37.677],[127.371,37.647],[127.35,37.625],[127.336,37.581],[127.31,37.54],[127.307,37.515],[127.293,37.505],[127.281,37.525],[127.238,37.546],[127.232,37.56],[127.202,37.589],[127.183,37.592],[127.171,37.581],[127.161,37.585],[127.169,37.592],[127.151,37.6],[127.143,37.622],[127.149,37.635],[127.147,37.643],[127.095,37.645],[127.096,37.689],[127.085,37.69],[127.08,37.7],[127.108,37.708],[127.126,37.727],[127.129,37.748],[127.143,37.748],[127.147,37.756],[127.166,37.747],[127.179,37.763],[127.205,37.763],[127.21,37.769],[127.225,37.753],[127.26,37.768],[127.266,37.781],[127.273,37.774]]]}},{"type":"Feature","properties":{"code":"KR-31140","name":"오산시","provinceCode":"KR-31","province":"경기","rarity":"COMMON"},"geometry":{"type":"Polygon","coordinates":[[[127.028,37.201],[127.064,37.199],[127.071,37.168],[127.098,37.156],[127.103,37.144],[127.088,37.135],[127.089,37.128],[127.073,37.125],[127.056,37.134],[127.044,37.126],[127.032,37.141],[127.025,37.165],[126.995,37.175],[127.005,37.181],[127.008,37.193],[127.028,37.201]]]}},{"type":"Feature","properties":{"code":"KR-31150","name":"시흥시","provinceCode":"KR-31","province":"경기","rarity":"COMMON"},"geometry":{"type":"Polygon","coordinates":[[[126.777,37.392],[126.784,37.392],[126.79,37.395],[126.792,37.393],[126.792,37.405],[126.788,37.402],[126.787,37.407],[126.786,37.403],[126.789,37.396],[126.784,37.392],[126.78,37.395],[126.766,37.395],[126.764,37.399],[126.749,37.404],[126.755,37.413],[126.753,37.423],[126.771,37.43],[126.769,37.443],[126.779,37.451],[126.778,37.471],[126.784,37.472],[126.803,37.462],[126.837,37.458],[126.846,37.412],[126.857,37.402],[126.877,37.402],[126.882,37.376],[126.856,37.359],[126.824,37.366],[126.812,37.356],[126.795,37.355],[126.786,37.338],[126.761,37.341],[126.748,37.325],[126.739,37.33],[126.718,37.308],[126.676,37.32],[126.671,37.329],[126.619,37.314],[126.614,37.314],[126.691,37.336],[126.686,37.341],[126.689,37.349],[126.703,37.351],[126.701,37.355],[126.731,37.387],[126.742,37.383],[126.734,37.389],[126.744,37.398],[126.777,37.392]]]}},{"type":"Feature","properties":{"code":"KR-31160","name":"군포시","provinceCode":"KR-31","province":"경기","rarity":"COMMON"},"geometry":{"type":"Polygon","coordinates":[[[126.942,37.379],[126.962,37.362],[126.961,37.351],[126.948,37.34],[126.945,37.32],[126.936,37.323],[126.929,37.317],[126.932,37.308],[126.915,37.306],[126.916,37.316],[126.908,37.322],[126.874,37.321],[126.873,37.329],[126.912,37.373],[126.942,37.379]]]}},{"type":"Feature","properties":{"code":"KR-31170","name":"의왕시","provinceCode":"KR-31","province":"경기","rarity":"COMMON"},"geometry":{"type":"Polygon","coordinates":[[[127.045,37.414],[127.009,37.339],[126.983,37.327],[126.971,37.332],[126.962,37.302],[126.931,37.304],[126.929,37.317],[126.936,37.323],[126.945,37.32],[126.948,37.34],[126.958,37.344],[126.965,37.371],[126.986,37.407],[127.045,37.414]]]}},{"type":"Feature","properties":{"code":"KR-31180","name":"하남시","provinceCode":"KR-31","province":"경기","rarity":"COMMON"},"geometry":{"type":"Polygon","coordinates":[[[127.185,37.592],[127.202,37.589],[127.241,37.544],[127.284,37.522],[127.286,37.514],[127.275,37.508],[127.255,37.506],[127.259,37.491],[127.244,37.485],[127.245,37.477],[127.202,37.484],[127.189,37.48],[127.178,37.487],[127.179,37.475],[127.171,37.469],[127.144,37.474],[127.161,37.5],[127.14,37.51],[127.163,37.545],[127.184,37.545],[127.177,37.581],[127.169,37.579],[127.185,37.592]]]}},{"type":"Feature","properties":{"code":"KR-31191","name":"용인시처인구","provinceCode":"KR-31","province":"경기","rarity":"COMMON"},"geometry":{"type":"Polygon","coordinates":[[[127.239,37.359],[127.265,37.343],[127.283,37.345],[127.283,37.316],[127.277,37.308],[127.279,37.27],[127.292,37.272],[127.298,37.265],[127.319,37.275],[127.339,37.27],[127.33,37.22],[127.35,37.204],[127.37,37.204],[127.379,37.195],[127.372,37.186],[127.412,37.182],[127.412,37.155],[127.428,37.146],[127.424,37.131],[127.413,37.12],[127.424,37.112],[127.424,37.1],[127.415,37.089],[127.399,37.095],[127.39,37.108],[127.377,37.101],[127.359,37.108],[127.352,37.1],[127.327,37.12],[127.308,37.106],[127.288,37.132],[127.274,37.134],[127.264,37.156],[127.251,37.145],[127.251,37.123],[127.208,37.111],[127.208,37.104],[127.186,37.084],[127.154,37.091],[127.123,37.09],[127.109,37.123],[127.121,37.13],[127.133,37.169],[127.149,37.17],[127.161,37.18],[127.161,37.19],[127.152,37.199],[127.157,37.207],[127.15,37.222],[127.156,37.228],[127.149,37.241],[127.159,37.254],[127.175,37.259],[127.175,37.289],[127.168,37.302],[127.148,37.306],[127.137,37.32],[127.142,37.337],[127.192,37.347],[127.202,37.328],[127.222,37.346],[127.217,37.355],[127.239,37.359]]]}},{"type":"Feature","properties":{"code":"KR-31192","name":"용인시기흥구","provinceCode":"KR-31","province":"경기","rarity":"COMMON"},"geometry":{"type":"Polygon","coordinates":[[[127.137,37.325],[127.148,37.306],[127.17,37.3],[127.177,37.282],[127.172,37.269],[127.175,37.259],[127.159,37.254],[127.15,37.242],[127.156,37.228],[127.15,37.22],[127.088,37.217],[127.069,37.23],[127.065,37.244],[127.082,37.249],[127.086,37.269],[127.076,37.261],[127.066,37.273],[127.089,37.287],[127.099,37.322],[127.127,37.318],[127.137,37.325]]]}},{"type":"Feature","properties":{"code":"KR-31193","name":"용인시수지구","provinceCode":"KR-31","province":"경기","rarity":"COMMON"},"geometry":{"type":"Polygon","coordinates":[[[127.028,37.372],[127.071,37.358],[127.078,37.35],[127.086,37.352],[127.117,37.333],[127.139,37.34],[127.142,37.326],[127.127,37.318],[127.099,37.322],[127.09,37.298],[127.079,37.293],[127.06,37.297],[127.058,37.316],[127.04,37.321],[127.033,37.345],[127.016,37.356],[127.028,37.372]]]}},{"type":"Feature","properties":{"code":"KR-31200","name":"파주시","provinceCode":"KR-31","province":"경기","rarity":"COMMON"},"geometry":{"type":"Polygon","coordinates":[[[126.99,38.007],[127.017,37.987],[126.965,37.938],[126.962,37.921],[126.95,37.918],[126.955,37.911],[126.946,37.901],[126.946,37.868],[126.934,37.846],[126.937,37.841],[126.912,37.84],[126.911,37.829],[126.902,37.825],[126.912,37.805],[126.904,37.791],[126.938,37.787],[126.929,37.748],[126.911,37.747],[126.901,37.737],[126.903,37.729],[126.889,37.723],[126.855,37.735],[126.814,37.723],[126.799,37.737],[126.773,37.704],[126.725,37.705],[126.69,37.689],[126.674,37.7],[126.68,37.732],[126.663,37.781],[126.671,37.835],[126.659,37.84],[126.68,37.846],[126.692,37.869],[126.683,37.874],[126.673,37.87],[126.672,37.878],[126.682,37.88],[126.67,37.888],[126.683,37.913],[126.666,37.919],[126.671,37.955],[126.687,37.957],[126.704,37.975],[126.719,37.965],[126.737,37.966],[126.752,37.981],[126.762,37.985],[126.773,37.978],[126.772,37.984],[126.784,37.982],[126.796,37.994],[126.821,37.957],[126.833,37.964],[126.836,37.96],[126.84,37.979],[126.849,37.987],[126.887,37.966],[126.896,37.97],[126.896,37.995],[126.938,37.981],[126.972,38.008],[126.99,38.007]]]}},{"type":"Feature","properties":{"code":"KR-31210","name":"이천시","provinceCode":"KR-31","province":"경기","rarity":"COMMON"},"geometry":{"type":"Polygon","coordinates":[[[127.473,37.359],[127.49,37.343],[127.514,37.339],[127.528,37.328],[127.528,37.317],[127.546,37.311],[127.546,37.301],[127.529,37.274],[127.537,37.252],[127.525,37.239],[127.531,37.199],[127.517,37.182],[127.528,37.173],[127.559,37.181],[127.571,37.17],[127.578,37.176],[127.574,37.187],[127.596,37.19],[127.615,37.164],[127.633,37.162],[127.627,37.152],[127.638,37.141],[127.634,37.099],[127.612,37.087],[127.595,37.088],[127.605,37.069],[127.578,37.075],[127.565,37.061],[127.57,37.048],[127.557,37.041],[127.518,37.058],[127.505,37.048],[127.488,37.053],[127.506,37.062],[127.517,37.082],[127.515,37.103],[127.504,37.11],[127.499,37.123],[127.458,37.13],[127.442,37.148],[127.414,37.152],[127.411,37.183],[127.372,37.186],[127.379,37.195],[127.37,37.204],[127.35,37.204],[127.33,37.22],[127.339,37.271],[127.349,37.277],[127.34,37.288],[127.357,37.294],[127.354,37.301],[127.365,37.309],[127.363,37.316],[127.405,37.327],[127.442,37.358],[127.45,37.353],[127.473,37.359]]]}},{"type":"Feature","properties":{"code":"KR-31220","name":"안성시","provinceCode":"KR-31","province":"경기","rarity":"COMMON"},"geometry":{"type":"Polygon","coordinates":[[[127.264,37.156],[127.274,37.134],[127.288,37.132],[127.308,37.106],[127.327,37.12],[127.352,37.1],[127.359,37.108],[127.377,37.101],[127.39,37.108],[127.399,37.095],[127.415,37.089],[127.424,37.1],[127.424,37.112],[127.413,37.12],[127.433,37.149],[127.447,37.145],[127.458,37.13],[127.498,37.124],[127.504,37.11],[127.516,37.102],[127.512,37.098],[127.517,37.082],[127.506,37.062],[127.468,37.053],[127.457,37.042],[127.458,37.02],[127.447,37.011],[127.429,37.002],[127.393,36.997],[127.385,36.984],[127.402,36.968],[127.387,36.964],[127.376,36.949],[127.35,36.953],[127.327,36.936],[127.296,36.931],[127.303,36.916],[127.288,36.894],[127.273,36.911],[127.253,36.922],[127.244,36.918],[127.21,36.931],[127.204,36.951],[127.18,36.957],[127.178,36.963],[127.155,36.964],[127.159,36.97],[127.121,36.968],[127.124,36.977],[127.141,36.979],[127.133,36.988],[127.138,36.994],[127.154,36.998],[127.144,37.013],[127.153,37.028],[127.122,37.035],[127.113,37.027],[127.106,37.036],[127.13,37.059],[127.102,37.069],[127.104,37.076],[127.125,37.078],[127.123,37.091],[127.186,37.084],[127.208,37.104],[127.208,37.111],[127.251,37.123],[127.251,37.145],[127.264,37.156]]]}},{"type":"Feature","properties":{"code":"KR-31230","name":"김포시","provinceCode":"KR-31","province":"경기","rarity":"COMMON"},"geometry":{"type":"Polygon","coordinates":[[[126.575,37.763],[126.594,37.761],[126.632,37.781],[126.663,37.781],[126.68,37.732],[126.67,37.685],[126.676,37.674],[126.735,37.646],[126.803,37.605],[126.797,37.598],[126.801,37.588],[126.794,37.582],[126.768,37.588],[126.752,37.58],[126.744,37.592],[126.725,37.592],[126.714,37.604],[126.705,37.602],[126.705,37.612],[126.694,37.62],[126.654,37.638],[126.647,37.627],[126.637,37.627],[126.626,37.603],[126.614,37.606],[126.592,37.593],[126.592,37.599],[126.578,37.605],[126.573,37.599],[126.56,37.601],[126.547,37.634],[126.531,37.655],[126.544,37.663],[126.527,37.674],[126.534,37.685],[126.531,37.704],[126.522,37.714],[126.531,37.747],[126.518,37.763],[126.525,37.768],[126.517,37.771],[126.523,37.79],[126.575,37.763]]]}},{"type":"Feature","properties":{"code":"KR-31240","name":"화성시","provinceCode":"KR-31","province":"경기","rarity":"COMMON"},"geometry":{"type":"Polygon","coordinates":[[[126.751,37.03],[126.745,37.038],[126.757,37.055],[126.684,37.112],[126.681,37.117],[126.674,37.117],[126.685,37.119],[126.676,37.138],[126.68,37.143],[126.66,37.138],[126.696,37.151],[126.683,37.16],[126.65,37.155],[126.661,37.163],[126.654,37.181],[126.66,37.176],[126.67,37.189],[126.66,37.191],[126.65,37.184],[126.661,37.221],[126.648,37.244],[126.646,37.258],[126.654,37.269],[126.633,37.287],[126.646,37.279],[126.661,37.291],[126.648,37.293],[126.633,37.289],[126.629,37.285],[126.633,37.289],[126.649,37.293],[126.662,37.293],[126.662,37.278],[126.684,37.281],[126.672,37.273],[126.68,37.257],[126.696,37.261],[126.725,37.256],[126.734,37.249],[126.745,37.255],[126.757,37.254],[126.765,37.245],[126.774,37.248],[126.783,37.23],[126.787,37.233],[126.778,37.246],[126.79,37.244],[126.791,37.267],[126.811,37.268],[126.804,37.277],[126.805,37.294],[126.819,37.29],[126.85,37.257],[126.857,37.273],[126.865,37.272],[126.875,37.276],[126.875,37.277],[126.864,37.273],[126.863,37.281],[126.89,37.282],[126.901,37.291],[126.914,37.291],[126.928,37.277],[126.931,37.261],[126.95,37.256],[126.971,37.229],[126.988,37.234],[126.999,37.226],[127.003,37.23],[127.022,37.225],[127.041,37.247],[127.041,37.235],[127.053,37.231],[127.067,37.24],[127.069,37.23],[127.088,37.217],[127.151,37.22],[127.157,37.207],[127.152,37.199],[127.161,37.19],[127.161,37.18],[127.149,37.17],[127.133,37.169],[127.128,37.145],[127.104,37.142],[127.095,37.159],[127.071,37.168],[127.064,37.199],[127.028,37.201],[127.008,37.193],[127.01,37.187],[126.995,37.175],[127.025,37.165],[127.036,37.136],[126.998,37.125],[126.995,37.09],[127,37.086],[126.99,37.087],[126.996,37.07],[126.969,37.073],[126.94,37.061],[126.928,37.068],[126.915,37.066],[126.905,37.073],[126.884,37.067],[126.857,37.024],[126.842,37.014],[126.798,37.013],[126.79,37.03],[126.751,37.03]],[[126.771,37.064],[126.763,37.063],[126.762,37.068],[126.771,37.102],[126.758,37.111],[126.76,37.118],[126.777,37.132],[126.795,37.129],[126.801,37.138],[126.817,37.143],[126.8,37.154],[126.782,37.152],[126.798,37.162],[126.792,37.173],[126.801,37.196],[126.795,37.182],[126.778,37.165],[126.747,37.168],[126.727,37.139],[126.706,37.132],[126.701,37.127],[126.705,37.123],[126.684,37.115],[126.756,37.056],[126.771,37.064]]]}},{"type":"Feature","properties":{"code":"KR-31250","name":"광주시","provinceCode":"KR-31","province":"경기","rarity":"COMMON"},"geometry":{"type":"Polygon","coordinates":[[[127.355,37.535],[127.37,37.524],[127.386,37.498],[127.38,37.49],[127.389,37.476],[127.387,37.467],[127.384,37.459],[127.369,37.457],[127.372,37.445],[127.383,37.443],[127.42,37.387],[127.445,37.386],[127.446,37.362],[127.43,37.347],[127.391,37.32],[127.363,37.316],[127.365,37.309],[127.354,37.301],[127.357,37.294],[127.34,37.288],[127.348,37.279],[127.345,37.274],[127.313,37.274],[127.298,37.265],[127.276,37.273],[127.282,37.278],[127.277,37.308],[127.283,37.316],[127.283,37.345],[127.265,37.343],[127.238,37.36],[127.217,37.355],[127.222,37.346],[127.202,37.328],[127.192,37.347],[127.144,37.337],[127.136,37.341],[127.135,37.358],[127.151,37.362],[127.162,37.38],[127.177,37.385],[127.168,37.396],[127.178,37.414],[127.194,37.425],[127.195,37.451],[127.175,37.477],[127.178,37.487],[127.189,37.48],[127.202,37.484],[127.244,37.477],[127.244,37.485],[127.259,37.491],[127.255,37.506],[127.286,37.514],[127.287,37.507],[127.295,37.506],[127.305,37.512],[127.309,37.527],[127.324,37.535],[127.355,37.535]]]}},{"type":"Feature","properties":{"code":"KR-31260","name":"양주시","provinceCode":"KR-31","province":"경기","rarity":"COMMON"},"geometry":{"type":"Polygon","coordinates":[[[126.965,37.938],[127.001,37.936],[127.014,37.921],[127.006,37.915],[127.011,37.905],[127.045,37.895],[127.06,37.869],[127.088,37.872],[127.107,37.863],[127.122,37.828],[127.122,37.812],[127.118,37.796],[127.103,37.778],[127.06,37.762],[127.017,37.769],[127.002,37.763],[127.007,37.748],[127.002,37.741],[127.018,37.705],[127.01,37.697],[127.009,37.684],[126.991,37.68],[126.955,37.693],[126.945,37.686],[126.943,37.672],[126.911,37.669],[126.905,37.675],[126.913,37.676],[126.925,37.709],[126.922,37.73],[126.931,37.738],[126.928,37.757],[126.938,37.787],[126.904,37.791],[126.912,37.805],[126.902,37.825],[126.911,37.829],[126.912,37.84],[126.937,37.841],[126.934,37.846],[126.946,37.868],[126.946,37.901],[126.955,37.911],[126.95,37.918],[126.962,37.921],[126.965,37.938]]]}},{"type":"Feature","properties":{"code":"KR-31270","name":"포천시","provinceCode":"KR-31","province":"경기","rarity":"COMMON"},"geometry":{"type":"Polygon","coordinates":[[[127.189,38.186],[127.189,38.161],[127.222,38.137],[127.224,38.147],[127.234,38.147],[127.239,38.157],[127.256,38.163],[127.266,38.18],[127.284,38.183],[127.298,38.176],[127.284,38.159],[127.276,38.124],[127.281,38.125],[127.286,38.115],[127.31,38.118],[127.317,38.098],[127.337,38.09],[127.34,38.101],[127.366,38.107],[127.379,38.118],[127.403,38.113],[127.406,38.103],[127.413,38.102],[127.431,38.115],[127.445,38.097],[127.447,38.054],[127.439,38.041],[127.425,38.033],[127.427,38.026],[127.413,37.998],[127.385,37.982],[127.377,37.962],[127.385,37.943],[127.357,37.921],[127.33,37.926],[127.323,37.871],[127.313,37.866],[127.296,37.869],[127.292,37.875],[127.288,37.869],[127.28,37.856],[127.286,37.848],[127.274,37.83],[127.279,37.805],[127.26,37.768],[127.225,37.753],[127.213,37.762],[127.212,37.769],[127.197,37.762],[127.183,37.764],[127.164,37.747],[127.14,37.764],[127.126,37.764],[127.127,37.771],[127.106,37.78],[127.122,37.812],[127.122,37.828],[127.109,37.86],[127.128,37.874],[127.147,37.876],[127.155,37.896],[127.145,37.912],[127.122,37.917],[127.109,37.94],[127.095,37.944],[127.099,37.953],[127.092,37.959],[127.09,37.983],[127.111,37.989],[127.12,37.979],[127.147,37.997],[127.147,38.014],[127.135,38.03],[127.137,38.038],[127.115,38.04],[127.116,38.06],[127.128,38.06],[127.142,38.073],[127.149,38.058],[127.173,38.066],[127.189,38.065],[127.192,38.083],[127.184,38.092],[127.183,38.115],[127.171,38.122],[127.175,38.18],[127.189,38.186]]]}},{"type":"Feature","properties":{"code":"KR-31280","name":"여주시","provinceCode":"KR-31","province":"경기","rarity":"COMMON"},"geometry":{"type":"Polygon","coordinates":[[[127.525,37.433],[127.537,37.412],[127.543,37.41],[127.556,37.417],[127.584,37.414],[127.59,37.422],[127.62,37.41],[127.635,37.413],[127.646,37.405],[127.658,37.417],[127.683,37.414],[127.688,37.412],[127.684,37.398],[127.708,37.41],[127.715,37.4],[127.704,37.391],[127.702,37.373],[127.716,37.37],[127.73,37.376],[127.76,37.367],[127.759,37.331],[127.768,37.307],[127.75,37.297],[127.76,37.273],[127.747,37.24],[127.749,37.218],[127.735,37.208],[127.726,37.183],[127.717,37.183],[127.707,37.17],[127.689,37.136],[127.67,37.136],[127.647,37.151],[127.63,37.154],[127.631,37.165],[127.616,37.163],[127.596,37.19],[127.574,37.187],[127.578,37.176],[127.571,37.17],[127.559,37.181],[127.528,37.173],[127.517,37.182],[127.531,37.199],[127.525,37.239],[127.537,37.252],[127.529,37.274],[127.546,37.301],[127.546,37.311],[127.528,37.317],[127.528,37.328],[127.514,37.339],[127.49,37.343],[127.47,37.362],[127.449,37.353],[127.442,37.358],[127.445,37.386],[127.42,37.387],[127.411,37.407],[127.398,37.416],[127.407,37.43],[127.423,37.439],[127.473,37.422],[127.507,37.44],[127.525,37.433]]]}},{"type":"Feature","properties":{"code":"KR-31350","name":"연천군","provinceCode":"KR-31","province":"경기","rarity":"RARE"},"geometry":{"type":"Polygon","coordinates":[[[127.076,38.278],[127.104,38.281],[127.101,38.274],[127.111,38.271],[127.114,38.237],[127.131,38.233],[127.149,38.242],[127.163,38.238],[127.16,38.22],[127.171,38.213],[127.175,38.205],[127.17,38.198],[127.181,38.186],[127.172,38.17],[127.177,38.152],[127.171,38.122],[127.183,38.115],[127.184,38.092],[127.192,38.083],[127.189,38.065],[127.173,38.066],[127.149,38.058],[127.142,38.073],[127.128,38.06],[127.116,38.06],[127.112,38.051],[127.118,38.044],[127.115,38.039],[127.137,38.038],[127.135,38.03],[127.147,38.014],[127.144,37.992],[127.12,37.979],[127.112,37.989],[127.101,37.989],[127.09,37.983],[127.091,37.972],[127.053,37.981],[127.042,37.96],[127.029,37.956],[127.026,37.941],[127.01,37.928],[127.001,37.936],[126.973,37.942],[126.989,37.956],[126.991,37.968],[127.002,37.968],[127.017,37.987],[126.989,38.011],[126.972,38.008],[126.938,37.981],[126.896,37.995],[126.896,37.97],[126.887,37.966],[126.847,37.986],[126.836,37.96],[126.833,37.964],[126.821,37.957],[126.807,37.971],[126.811,37.974],[126.801,37.992],[126.787,37.988],[126.79,37.999],[126.82,38.005],[126.826,38.024],[126.828,38.02],[126.841,38.033],[126.855,38.032],[126.853,38.053],[126.858,38.054],[126.87,38.078],[126.856,38.1],[126.862,38.108],[126.883,38.116],[126.889,38.129],[126.905,38.138],[126.917,38.137],[126.928,38.127],[126.966,38.137],[126.968,38.147],[126.949,38.162],[126.966,38.171],[126.967,38.199],[126.975,38.199],[126.984,38.211],[126.982,38.227],[126.992,38.229],[127.005,38.222],[127.024,38.242],[127.02,38.246],[127.037,38.25],[127.042,38.259],[127.066,38.264],[127.076,38.278]]]}},{"type":"Feature","properties":{"code":"KR-31370","name":"가평군","provinceCode":"KR-31","province":"경기","rarity":"RARE"},"geometry":{"type":"Polygon","coordinates":[[[127.453,38.047],[127.458,38.017],[127.472,38.006],[127.504,37.998],[127.54,38.001],[127.545,37.968],[127.6,37.957],[127.617,37.928],[127.612,37.923],[127.617,37.906],[127.606,37.876],[127.578,37.874],[127.563,37.856],[127.527,37.836],[127.525,37.825],[127.537,37.811],[127.521,37.793],[127.545,37.76],[127.506,37.728],[127.512,37.716],[127.525,37.726],[127.54,37.719],[127.56,37.729],[127.551,37.687],[127.553,37.662],[127.535,37.647],[127.559,37.628],[127.57,37.609],[127.563,37.605],[127.56,37.583],[127.522,37.586],[127.497,37.571],[127.47,37.58],[127.471,37.622],[127.458,37.629],[127.455,37.641],[127.441,37.644],[127.435,37.654],[127.44,37.662],[127.428,37.671],[127.398,37.651],[127.371,37.648],[127.381,37.677],[127.377,37.675],[127.367,37.688],[127.372,37.692],[127.359,37.695],[127.355,37.724],[127.343,37.729],[127.334,37.753],[127.316,37.769],[127.274,37.774],[127.267,37.78],[127.279,37.805],[127.274,37.83],[127.286,37.848],[127.28,37.856],[127.288,37.869],[127.292,37.875],[127.296,37.869],[127.313,37.866],[127.323,37.871],[127.33,37.926],[127.357,37.921],[127.385,37.943],[127.377,37.962],[127.385,37.982],[127.413,37.998],[127.427,38.026],[127.425,38.033],[127.446,38.051],[127.453,38.047]]]}},{"type":"Feature","properties":{"code":"KR-31380","name":"양평군","provinceCode":"KR-31","province":"경기","rarity":"RARE"},"geometry":{"type":"Polygon","coordinates":[[[127.372,37.648],[127.398,37.651],[127.428,37.671],[127.441,37.66],[127.435,37.654],[127.441,37.644],[127.455,37.641],[127.458,37.629],[127.471,37.622],[127.47,37.58],[127.497,37.571],[127.522,37.586],[127.56,37.583],[127.563,37.605],[127.57,37.613],[127.56,37.623],[127.56,37.63],[127.581,37.633],[127.585,37.642],[127.602,37.652],[127.647,37.633],[127.652,37.623],[127.664,37.624],[127.708,37.586],[127.754,37.592],[127.784,37.578],[127.794,37.585],[127.814,37.564],[127.84,37.559],[127.848,37.552],[127.842,37.539],[127.81,37.538],[127.785,37.513],[127.76,37.503],[127.76,37.493],[127.775,37.492],[127.801,37.47],[127.796,37.463],[127.804,37.429],[127.795,37.424],[127.784,37.389],[127.777,37.383],[127.779,37.371],[127.757,37.367],[127.73,37.376],[127.716,37.37],[127.702,37.373],[127.704,37.391],[127.715,37.4],[127.708,37.41],[127.684,37.398],[127.688,37.412],[127.683,37.414],[127.658,37.417],[127.646,37.405],[127.635,37.413],[127.62,37.41],[127.59,37.422],[127.584,37.414],[127.556,37.417],[127.543,37.41],[127.537,37.412],[127.528,37.431],[127.507,37.44],[127.473,37.422],[127.423,37.439],[127.399,37.422],[127.383,37.443],[127.372,37.445],[127.369,37.457],[127.385,37.46],[127.389,37.475],[127.38,37.49],[127.386,37.498],[127.364,37.531],[127.326,37.536],[127.306,37.522],[127.31,37.54],[127.342,37.592],[127.35,37.625],[127.372,37.648]]]}},{"type":"Feature","properties":{"code":"KR-32010","name":"춘천시","provinceCode":"KR-32","province":"강원","rarity":"COMMON"},"geometry":{"type":"Polygon","coordinates":[[[127.566,38.083],[127.608,38.072],[127.605,38.061],[127.624,38.052],[127.652,38.055],[127.648,38.033],[127.654,38.024],[127.671,38.035],[127.7,38.038],[127.714,38.024],[127.725,38.025],[127.733,38.036],[127.747,38.039],[127.77,38.028],[127.788,37.994],[127.813,38.004],[127.827,38.001],[127.83,38.008],[127.858,38.019],[127.849,38.036],[127.855,38.052],[127.879,38.047],[127.903,38.051],[127.904,38.03],[127.934,38.014],[127.945,38.018],[127.947,38.031],[127.955,38.039],[127.987,38.026],[127.984,38.01],[127.993,38.002],[128.013,38.019],[128.03,38.015],[128.015,37.997],[127.984,37.989],[127.984,37.966],[127.978,37.957],[127.987,37.952],[127.995,37.936],[127.984,37.923],[127.986,37.912],[127.971,37.899],[127.973,37.882],[127.95,37.863],[127.943,37.848],[127.946,37.841],[127.934,37.827],[127.906,37.849],[127.908,37.855],[127.891,37.863],[127.877,37.856],[127.869,37.837],[127.848,37.836],[127.822,37.846],[127.815,37.841],[127.814,37.833],[127.828,37.82],[127.825,37.798],[127.843,37.79],[127.856,37.771],[127.855,37.763],[127.84,37.756],[127.845,37.749],[127.828,37.741],[127.816,37.749],[127.807,37.746],[127.795,37.735],[127.782,37.742],[127.755,37.732],[127.743,37.742],[127.701,37.717],[127.68,37.711],[127.684,37.702],[127.678,37.695],[127.653,37.7],[127.65,37.68],[127.643,37.68],[127.641,37.695],[127.636,37.698],[127.623,37.691],[127.621,37.679],[127.609,37.676],[127.61,37.698],[127.594,37.705],[127.589,37.725],[127.568,37.733],[127.54,37.719],[127.525,37.726],[127.512,37.716],[127.506,37.724],[127.511,37.736],[127.545,37.76],[127.521,37.793],[127.537,37.811],[127.525,37.825],[127.527,37.836],[127.563,37.856],[127.578,37.874],[127.604,37.875],[127.617,37.906],[127.612,37.921],[127.616,37.931],[127.603,37.946],[127.602,37.955],[127.544,37.969],[127.547,37.978],[127.54,38.001],[127.545,38.02],[127.564,38.022],[127.579,38.04],[127.574,38.051],[127.58,38.056],[127.566,38.068],[127.566,38.083]]]}},{"type":"Feature","properties":{"code":"KR-32020","name":"원주시","provinceCode":"KR-32","province":"강원","rarity":"COMMON"},"geometry":{"type":"Polygon","coordinates":[[[127.94,37.501],[127.933,37.487],[127.949,37.454],[127.965,37.451],[127.983,37.459],[128.003,37.457],[128.016,37.446],[128.059,37.445],[128.096,37.41],[128.072,37.392],[128.077,37.374],[128.073,37.367],[128.05,37.366],[128.038,37.354],[128.034,37.332],[128.048,37.311],[128.108,37.299],[128.117,37.272],[128.163,37.274],[128.178,37.28],[128.179,37.292],[128.196,37.297],[128.216,37.283],[128.209,37.25],[128.174,37.233],[128.173,37.219],[128.164,37.213],[128.125,37.235],[128.109,37.206],[128.041,37.189],[128.028,37.202],[128.039,37.216],[128.023,37.226],[128.018,37.246],[127.987,37.258],[127.972,37.256],[127.939,37.241],[127.922,37.225],[127.936,37.189],[127.926,37.166],[127.909,37.167],[127.899,37.15],[127.887,37.161],[127.872,37.164],[127.861,37.155],[127.853,37.16],[127.847,37.153],[127.79,37.143],[127.757,37.169],[127.744,37.208],[127.747,37.24],[127.76,37.273],[127.75,37.297],[127.768,37.307],[127.759,37.331],[127.759,37.367],[127.779,37.371],[127.777,37.383],[127.784,37.389],[127.795,37.424],[127.804,37.429],[127.8,37.439],[127.813,37.445],[127.84,37.434],[127.851,37.396],[127.868,37.4],[127.871,37.418],[127.863,37.436],[127.877,37.467],[127.906,37.473],[127.91,37.486],[127.928,37.506],[127.94,37.501]]]}},{"type":"Feature","properties":{"code":"KR-32030","name":"강릉시","provinceCode":"KR-32","province":"강원","rarity":"COMMON"},"geometry":{"type":"Polygon","coordinates":[[[128.877,37.841],[128.881,37.828],[128.947,37.774],[128.955,37.773],[128.957,37.771],[128.952,37.773],[128.951,37.767],[128.989,37.74],[129.014,37.707],[129.057,37.673],[129.057,37.659],[129.044,37.639],[129.052,37.627],[129.058,37.626],[129.064,37.623],[129.054,37.626],[129.054,37.621],[129.075,37.605],[129.056,37.597],[129.06,37.589],[129.051,37.576],[129.047,37.547],[129.038,37.55],[129.019,37.538],[128.998,37.543],[128.981,37.533],[128.973,37.534],[128.961,37.549],[128.955,37.541],[128.933,37.539],[128.906,37.553],[128.898,37.587],[128.884,37.593],[128.874,37.59],[128.864,37.575],[128.849,37.516],[128.814,37.503],[128.798,37.518],[128.793,37.537],[128.78,37.544],[128.738,37.548],[128.72,37.529],[128.699,37.537],[128.679,37.567],[128.684,37.594],[128.712,37.589],[128.723,37.611],[128.737,37.61],[128.736,37.629],[128.729,37.637],[128.733,37.653],[128.765,37.673],[128.745,37.723],[128.744,37.741],[128.698,37.771],[128.68,37.773],[128.671,37.767],[128.637,37.782],[128.624,37.77],[128.602,37.77],[128.6,37.809],[128.58,37.826],[128.588,37.862],[128.601,37.871],[128.621,37.872],[128.643,37.895],[128.669,37.886],[128.719,37.903],[128.732,37.9],[128.754,37.912],[128.776,37.91],[128.81,37.918],[128.83,37.906],[128.834,37.899],[128.835,37.886],[128.832,37.895],[128.83,37.884],[128.877,37.841]]]}},{"type":"Feature","properties":{"code":"KR-32040","name":"동해시","provinceCode":"KR-32","province":"강원","rarity":"COMMON"},"geometry":{"type":"Polygon","coordinates":[[[129.111,37.582],[129.122,37.558],[129.121,37.539],[129.117,37.552],[129.112,37.549],[129.115,37.54],[129.115,37.536],[129.135,37.505],[129.149,37.498],[129.136,37.504],[129.131,37.501],[129.136,37.496],[129.124,37.491],[129.145,37.497],[129.141,37.493],[129.16,37.476],[129.151,37.466],[129.141,37.466],[129.135,37.453],[129.118,37.461],[129.107,37.456],[129.096,37.463],[129.077,37.456],[129.048,37.457],[129.01,37.436],[129.004,37.427],[128.975,37.433],[128.959,37.444],[128.965,37.458],[128.985,37.47],[128.99,37.485],[128.986,37.493],[128.971,37.493],[128.974,37.503],[128.962,37.51],[128.969,37.53],[128.998,37.543],[129.019,37.538],[129.038,37.55],[129.047,37.547],[129.051,37.576],[129.06,37.589],[129.056,37.597],[129.075,37.605],[129.111,37.582]],[[129.112,37.54],[129.115,37.537],[129.115,37.54],[129.112,37.54]]]}},{"type":"Feature","properties":{"code":"KR-32050","name":"태백시","provinceCode":"KR-32","province":"강원","rarity":"COMMON"},"geometry":{"type":"Polygon","coordinates":[[[129.012,37.336],[128.998,37.325],[129.018,37.304],[129.004,37.288],[129.014,37.275],[129.006,37.264],[129.01,37.255],[128.99,37.241],[128.993,37.235],[129.008,37.233],[129.004,37.227],[129.01,37.221],[129,37.218],[128.999,37.208],[129.011,37.187],[129.027,37.175],[129.072,37.17],[129.072,37.16],[129.089,37.158],[129.089,37.144],[129.095,37.138],[129.088,37.114],[129.096,37.1],[129.07,37.088],[129.059,37.065],[129.037,37.076],[128.989,37.084],[128.959,37.078],[128.946,37.094],[128.922,37.091],[128.91,37.068],[128.887,37.062],[128.875,37.075],[128.885,37.084],[128.887,37.102],[128.869,37.112],[128.889,37.125],[128.891,37.144],[128.912,37.149],[128.916,37.157],[128.912,37.197],[128.916,37.212],[128.908,37.217],[128.917,37.226],[128.918,37.24],[128.935,37.245],[128.924,37.273],[128.941,37.279],[128.946,37.29],[128.943,37.306],[128.951,37.308],[128.969,37.333],[128.995,37.336],[129.007,37.346],[129.012,37.336]]]}},{"type":"Feature","properties":{"code":"KR-32060","name":"속초시","provinceCode":"KR-32","province":"강원","rarity":"COMMON"},"geometry":{"type":"Polygon","coordinates":[[[128.603,38.208],[128.595,38.211],[128.582,38.193],[128.593,38.192],[128.593,38.201],[128.6,38.202],[128.598,38.197],[128.615,38.181],[128.606,38.174],[128.608,38.161],[128.571,38.161],[128.56,38.148],[128.535,38.149],[128.53,38.136],[128.491,38.136],[128.467,38.119],[128.466,38.137],[128.443,38.15],[128.438,38.163],[128.421,38.177],[128.442,38.204],[128.485,38.188],[128.501,38.203],[128.538,38.217],[128.574,38.222],[128.585,38.231],[128.603,38.208]]]}},{"type":"Feature","properties":{"code":"KR-32070","name":"삼척시","provinceCode":"KR-32","province":"강원","rarity":"COMMON"},"geometry":{"type":"Polygon","coordinates":[[[129.158,37.476],[129.188,37.456],[129.197,37.432],[129.192,37.438],[129.188,37.438],[129.202,37.411],[129.257,37.38],[129.251,37.363],[129.267,37.343],[129.27,37.322],[129.289,37.31],[129.297,37.311],[129.3,37.293],[129.311,37.286],[129.319,37.29],[129.32,37.282],[129.329,37.28],[129.328,37.263],[129.357,37.236],[129.341,37.226],[129.347,37.212],[129.343,37.196],[129.348,37.177],[129.343,37.175],[129.358,37.167],[129.352,37.164],[129.364,37.146],[129.325,37.142],[129.318,37.133],[129.301,37.127],[129.295,37.114],[129.271,37.116],[129.266,37.102],[129.249,37.096],[129.225,37.074],[129.238,37.039],[129.225,37.045],[129.185,37.042],[129.166,37.069],[129.096,37.1],[129.088,37.114],[129.095,37.138],[129.089,37.144],[129.089,37.158],[129.072,37.16],[129.072,37.17],[129.027,37.175],[129.011,37.187],[128.999,37.208],[129,37.218],[129.01,37.221],[129.004,37.227],[129.008,37.233],[128.993,37.235],[128.99,37.241],[129.01,37.255],[129.006,37.264],[129.014,37.275],[129.004,37.288],[129.018,37.305],[128.998,37.319],[129.012,37.336],[129.008,37.346],[128.995,37.336],[128.969,37.333],[128.951,37.308],[128.943,37.306],[128.946,37.29],[128.941,37.279],[128.924,37.273],[128.935,37.245],[128.918,37.24],[128.917,37.226],[128.908,37.217],[128.898,37.249],[128.88,37.265],[128.889,37.276],[128.875,37.281],[128.872,37.29],[128.859,37.3],[128.878,37.324],[128.867,37.339],[128.846,37.34],[128.852,37.366],[128.871,37.4],[128.895,37.41],[128.901,37.436],[128.928,37.449],[128.955,37.449],[128.975,37.433],[129.004,37.427],[129.01,37.436],[129.048,37.457],[129.077,37.456],[129.096,37.463],[129.107,37.456],[129.118,37.461],[129.135,37.453],[129.139,37.465],[129.151,37.466],[129.158,37.476]]]}},{"type":"Feature","properties":{"code":"KR-32310","name":"홍천군","provinceCode":"KR-32","province":"강원","rarity":"RARE"},"geometry":{"type":"Polygon","coordinates":[[[128.027,37.945],[128.045,37.923],[128.091,37.898],[128.161,37.895],[128.164,37.888],[128.174,37.885],[128.169,37.851],[128.181,37.843],[128.185,37.83],[128.209,37.813],[128.235,37.822],[128.256,37.84],[128.263,37.858],[128.291,37.869],[128.303,37.86],[128.308,37.844],[128.32,37.831],[128.328,37.834],[128.347,37.826],[128.365,37.834],[128.366,37.847],[128.382,37.859],[128.401,37.861],[128.412,37.885],[128.422,37.883],[128.432,37.867],[128.44,37.864],[128.481,37.893],[128.512,37.88],[128.541,37.891],[128.567,37.876],[128.574,37.865],[128.588,37.862],[128.583,37.821],[128.569,37.808],[128.556,37.809],[128.544,37.8],[128.533,37.771],[128.524,37.764],[128.526,37.732],[128.458,37.731],[128.445,37.718],[128.444,37.701],[128.435,37.692],[128.404,37.688],[128.358,37.699],[128.323,37.69],[128.312,37.703],[128.277,37.669],[128.27,37.633],[128.236,37.625],[128.209,37.649],[128.2,37.652],[128.187,37.644],[128.164,37.665],[128.153,37.659],[128.137,37.68],[128.119,37.679],[128.106,37.659],[128.114,37.655],[128.08,37.649],[128.065,37.635],[128.02,37.613],[128.014,37.616],[128.012,37.626],[127.992,37.628],[127.971,37.638],[127.951,37.611],[127.893,37.598],[127.894,37.585],[127.874,37.557],[127.848,37.552],[127.814,37.564],[127.794,37.585],[127.784,37.578],[127.754,37.592],[127.708,37.586],[127.664,37.624],[127.652,37.623],[127.647,37.633],[127.606,37.651],[127.585,37.642],[127.581,37.633],[127.559,37.628],[127.536,37.645],[127.536,37.651],[127.553,37.662],[127.551,37.688],[127.56,37.729],[127.568,37.733],[127.593,37.721],[127.594,37.705],[127.61,37.701],[127.608,37.677],[127.613,37.676],[127.623,37.681],[127.626,37.695],[127.636,37.698],[127.641,37.695],[127.643,37.68],[127.65,37.68],[127.653,37.7],[127.678,37.695],[127.684,37.702],[127.68,37.711],[127.701,37.717],[127.743,37.742],[127.755,37.732],[127.782,37.742],[127.795,37.735],[127.814,37.748],[127.833,37.742],[127.856,37.769],[127.843,37.79],[127.825,37.798],[127.828,37.82],[127.814,37.833],[127.815,37.841],[127.822,37.846],[127.848,37.836],[127.869,37.837],[127.877,37.856],[127.891,37.863],[127.908,37.855],[127.906,37.849],[127.918,37.844],[127.933,37.826],[127.946,37.841],[127.945,37.853],[127.958,37.874],[127.973,37.882],[127.971,37.899],[127.986,37.912],[127.984,37.923],[127.995,37.941],[128.013,37.938],[128.027,37.945]]]}},{"type":"Feature","properties":{"code":"KR-32320","name":"횡성군","provinceCode":"KR-32","province":"강원","rarity":"RARE"},"geometry":{"type":"Polygon","coordinates":[[[128.138,37.679],[128.153,37.659],[128.164,37.665],[128.187,37.644],[128.2,37.652],[128.236,37.625],[128.283,37.621],[128.279,37.611],[128.286,37.602],[128.279,37.592],[128.295,37.566],[128.294,37.544],[128.302,37.538],[128.298,37.512],[128.277,37.503],[128.264,37.485],[128.244,37.48],[128.246,37.446],[128.258,37.439],[128.254,37.428],[128.265,37.408],[128.254,37.393],[128.245,37.396],[128.236,37.388],[128.221,37.394],[128.185,37.393],[128.178,37.375],[128.187,37.341],[128.168,37.338],[128.173,37.327],[128.169,37.322],[128.129,37.328],[128.116,37.318],[128.118,37.304],[128.109,37.299],[128.048,37.311],[128.034,37.332],[128.038,37.354],[128.05,37.366],[128.073,37.367],[128.077,37.374],[128.072,37.392],[128.096,37.41],[128.059,37.445],[128.016,37.446],[128.003,37.457],[127.983,37.459],[127.965,37.451],[127.949,37.454],[127.933,37.487],[127.94,37.501],[127.929,37.507],[127.91,37.486],[127.905,37.473],[127.877,37.467],[127.863,37.436],[127.871,37.418],[127.868,37.4],[127.851,37.396],[127.84,37.434],[127.82,37.447],[127.8,37.439],[127.8,37.472],[127.79,37.475],[127.775,37.492],[127.76,37.493],[127.76,37.503],[127.785,37.513],[127.81,37.538],[127.842,37.539],[127.85,37.553],[127.874,37.557],[127.894,37.585],[127.893,37.597],[127.951,37.611],[127.971,37.638],[127.992,37.628],[128.012,37.626],[128.014,37.616],[128.02,37.613],[128.065,37.635],[128.08,37.649],[128.109,37.651],[128.114,37.655],[128.106,37.659],[128.114,37.675],[128.138,37.679]]]}},{"type":"Feature","properties":{"code":"KR-32330","name":"영월군","provinceCode":"KR-32","province":"강원","rarity":"RARE"},"geometry":{"type":"Polygon","coordinates":[[[128.261,37.406],[128.293,37.402],[128.298,37.389],[128.326,37.378],[128.316,37.353],[128.324,37.321],[128.358,37.309],[128.371,37.292],[128.409,37.295],[128.406,37.302],[128.411,37.309],[128.405,37.321],[128.418,37.343],[128.449,37.338],[128.463,37.324],[128.462,37.308],[128.497,37.303],[128.501,37.289],[128.529,37.292],[128.536,37.284],[128.553,37.289],[128.565,37.279],[128.575,37.28],[128.579,37.271],[128.568,37.271],[128.565,37.258],[128.577,37.245],[128.577,37.222],[128.6,37.213],[128.604,37.218],[128.619,37.219],[128.618,37.207],[128.642,37.182],[128.694,37.185],[128.732,37.198],[128.749,37.212],[128.797,37.196],[128.82,37.176],[128.833,37.176],[128.843,37.167],[128.886,37.168],[128.901,37.147],[128.888,37.141],[128.889,37.124],[128.869,37.112],[128.887,37.102],[128.885,37.084],[128.875,37.075],[128.888,37.062],[128.91,37.066],[128.898,37.058],[128.896,37.045],[128.879,37.053],[128.872,37.044],[128.847,37.052],[128.832,37.067],[128.829,37.078],[128.808,37.076],[128.8,37.079],[128.799,37.087],[128.78,37.092],[128.765,37.064],[128.757,37.069],[128.752,37.056],[128.763,37.038],[128.751,37.028],[128.735,37.04],[128.7,37.041],[128.689,37.053],[128.63,37.074],[128.623,37.087],[128.606,37.077],[128.602,37.083],[128.592,37.078],[128.562,37.09],[128.538,37.09],[128.531,37.1],[128.514,37.104],[128.497,37.126],[128.478,37.11],[128.435,37.111],[128.425,37.102],[128.418,37.12],[128.396,37.129],[128.404,37.14],[128.401,37.147],[128.384,37.158],[128.376,37.152],[128.364,37.156],[128.36,37.15],[128.352,37.157],[128.337,37.158],[128.298,37.134],[128.28,37.142],[128.264,37.16],[128.281,37.173],[128.298,37.172],[128.296,37.183],[128.31,37.187],[128.313,37.197],[128.326,37.197],[128.33,37.216],[128.317,37.223],[128.268,37.208],[128.251,37.23],[128.229,37.228],[128.208,37.249],[128.212,37.276],[128.217,37.278],[128.214,37.288],[128.196,37.297],[128.179,37.292],[128.178,37.28],[128.143,37.271],[128.116,37.272],[128.107,37.293],[128.118,37.304],[128.115,37.316],[128.12,37.324],[128.132,37.329],[128.168,37.322],[128.173,37.327],[128.168,37.338],[128.186,37.341],[128.178,37.375],[128.185,37.393],[128.221,37.394],[128.236,37.388],[128.245,37.396],[128.254,37.393],[128.261,37.406]]]}},{"type":"Feature","properties":{"code":"KR-32340","name":"평창군","provinceCode":"KR-32","province":"강원","rarity":"RARE"},"geometry":{"type":"Polygon","coordinates":[[[128.312,37.703],[128.323,37.69],[128.36,37.699],[128.376,37.692],[128.415,37.688],[128.435,37.692],[128.444,37.701],[128.445,37.718],[128.458,37.731],[128.479,37.735],[128.524,37.73],[128.528,37.734],[128.524,37.764],[128.533,37.771],[128.544,37.8],[128.556,37.809],[128.569,37.808],[128.583,37.821],[128.6,37.809],[128.602,37.769],[128.624,37.77],[128.637,37.782],[128.671,37.767],[128.68,37.773],[128.698,37.771],[128.744,37.741],[128.745,37.723],[128.765,37.674],[128.733,37.653],[128.729,37.637],[128.736,37.629],[128.737,37.61],[128.723,37.611],[128.712,37.589],[128.684,37.594],[128.679,37.57],[128.668,37.569],[128.674,37.557],[128.645,37.553],[128.64,37.541],[128.632,37.543],[128.625,37.573],[128.601,37.57],[128.588,37.557],[128.589,37.54],[128.577,37.511],[128.575,37.494],[128.583,37.491],[128.584,37.487],[128.574,37.489],[128.565,37.501],[128.557,37.489],[128.563,37.461],[128.552,37.456],[128.524,37.464],[128.513,37.455],[128.519,37.434],[128.506,37.418],[128.508,37.41],[128.54,37.397],[128.553,37.37],[128.547,37.355],[128.566,37.345],[128.585,37.307],[128.58,37.299],[128.596,37.283],[128.582,37.267],[128.576,37.267],[128.575,37.28],[128.565,37.279],[128.556,37.289],[128.536,37.284],[128.529,37.292],[128.501,37.289],[128.497,37.303],[128.462,37.308],[128.464,37.322],[128.453,37.336],[128.421,37.344],[128.405,37.321],[128.411,37.309],[128.406,37.302],[128.409,37.295],[128.372,37.291],[128.358,37.309],[128.324,37.321],[128.316,37.353],[128.326,37.378],[128.298,37.389],[128.293,37.402],[128.265,37.408],[128.259,37.417],[128.254,37.428],[128.258,37.439],[128.246,37.446],[128.244,37.48],[128.264,37.485],[128.277,37.503],[128.298,37.512],[128.302,37.538],[128.294,37.544],[128.295,37.566],[128.279,37.592],[128.286,37.602],[128.279,37.611],[128.283,37.621],[128.254,37.627],[128.27,37.633],[128.277,37.669],[128.312,37.703]]]}},{"type":"Feature","properties":{"code":"KR-32350","name":"정선군","provinceCode":"KR-32","province":"강원","rarity":"RARE"},"geometry":{"type":"Polygon","coordinates":[[[128.886,37.593],[128.898,37.587],[128.905,37.57],[128.906,37.553],[128.937,37.538],[128.955,37.541],[128.961,37.549],[128.973,37.534],[128.962,37.51],[128.974,37.503],[128.971,37.493],[128.986,37.493],[128.99,37.485],[128.985,37.47],[128.958,37.447],[128.937,37.451],[128.903,37.437],[128.897,37.412],[128.871,37.4],[128.849,37.356],[128.846,37.34],[128.867,37.339],[128.878,37.324],[128.86,37.307],[128.859,37.299],[128.871,37.292],[128.877,37.279],[128.889,37.276],[128.88,37.265],[128.897,37.25],[128.905,37.218],[128.916,37.212],[128.912,37.177],[128.918,37.162],[128.912,37.149],[128.893,37.152],[128.885,37.169],[128.843,37.167],[128.833,37.176],[128.82,37.176],[128.797,37.196],[128.754,37.212],[128.694,37.185],[128.66,37.187],[128.646,37.182],[128.618,37.207],[128.619,37.219],[128.604,37.218],[128.6,37.213],[128.579,37.22],[128.577,37.245],[128.566,37.253],[128.566,37.267],[128.569,37.271],[128.582,37.267],[128.596,37.283],[128.58,37.299],[128.585,37.307],[128.566,37.345],[128.547,37.355],[128.553,37.37],[128.539,37.4],[128.514,37.404],[128.506,37.417],[128.519,37.434],[128.515,37.457],[128.524,37.464],[128.552,37.456],[128.563,37.461],[128.557,37.489],[128.565,37.501],[128.574,37.489],[128.584,37.487],[128.575,37.494],[128.59,37.56],[128.615,37.576],[128.625,37.573],[128.635,37.54],[128.642,37.541],[128.645,37.553],[128.674,37.557],[128.668,37.569],[128.676,37.571],[128.694,37.541],[128.707,37.532],[128.721,37.529],[128.739,37.548],[128.791,37.539],[128.798,37.518],[128.814,37.503],[128.849,37.516],[128.864,37.575],[128.874,37.59],[128.886,37.593]]]}},{"type":"Feature","properties":{"code":"KR-32360","name":"철원군","provinceCode":"KR-32","province":"강원","rarity":"RARE"},"geometry":{"type":"Polygon","coordinates":[[[127.781,38.349],[127.797,38.323],[127.822,38.304],[127.875,38.317],[127.888,38.309],[127.861,38.283],[127.811,38.288],[127.802,38.277],[127.782,38.288],[127.733,38.279],[127.712,38.259],[127.713,38.25],[127.705,38.248],[127.683,38.252],[127.672,38.264],[127.647,38.26],[127.627,38.264],[127.607,38.285],[127.599,38.283],[127.594,38.278],[127.597,38.263],[127.579,38.256],[127.559,38.233],[127.543,38.231],[127.542,38.217],[127.525,38.201],[127.509,38.199],[127.504,38.174],[127.491,38.159],[127.502,38.145],[127.49,38.128],[127.453,38.117],[127.441,38.124],[127.413,38.102],[127.406,38.103],[127.403,38.113],[127.379,38.118],[127.366,38.107],[127.34,38.101],[127.337,38.09],[127.317,38.098],[127.31,38.118],[127.286,38.115],[127.281,38.125],[127.276,38.124],[127.284,38.159],[127.298,38.176],[127.284,38.183],[127.266,38.18],[127.256,38.163],[127.239,38.157],[127.234,38.147],[127.224,38.147],[127.222,38.137],[127.189,38.162],[127.189,38.188],[127.179,38.188],[127.17,38.198],[127.175,38.205],[127.171,38.213],[127.16,38.22],[127.163,38.238],[127.149,38.242],[127.131,38.233],[127.114,38.237],[127.111,38.271],[127.101,38.274],[127.104,38.281],[127.095,38.281],[127.111,38.296],[127.127,38.299],[127.132,38.314],[127.14,38.316],[127.155,38.304],[127.242,38.333],[127.254,38.327],[127.285,38.326],[127.3,38.313],[127.328,38.318],[127.344,38.329],[127.362,38.324],[127.381,38.337],[127.428,38.327],[127.446,38.317],[127.454,38.318],[127.452,38.327],[127.458,38.327],[127.497,38.3],[127.578,38.336],[127.609,38.337],[127.616,38.326],[127.634,38.323],[127.671,38.323],[127.691,38.325],[127.7,38.336],[127.716,38.329],[127.745,38.343],[127.751,38.334],[127.769,38.335],[127.781,38.349]]]}},{"type":"Feature","properties":{"code":"KR-32370","name":"화천군","provinceCode":"KR-32","province":"강원","rarity":"LEGEND"},"geometry":{"type":"Polygon","coordinates":[[[127.808,38.286],[127.863,38.283],[127.853,38.258],[127.858,38.235],[127.853,38.23],[127.852,38.209],[127.878,38.198],[127.876,38.119],[127.888,38.115],[127.888,38.094],[127.901,38.091],[127.908,38.08],[127.904,38.07],[127.913,38.058],[127.879,38.047],[127.855,38.052],[127.849,38.036],[127.858,38.019],[127.83,38.008],[127.827,38.001],[127.813,38.004],[127.788,37.994],[127.77,38.028],[127.747,38.039],[127.733,38.036],[127.725,38.025],[127.714,38.024],[127.7,38.038],[127.671,38.035],[127.654,38.024],[127.648,38.033],[127.652,38.055],[127.624,38.052],[127.605,38.061],[127.608,38.072],[127.597,38.08],[127.573,38.085],[127.566,38.084],[127.564,38.072],[127.58,38.056],[127.574,38.051],[127.579,38.04],[127.564,38.022],[127.545,38.02],[127.54,38.001],[127.504,37.998],[127.472,38.006],[127.458,38.017],[127.453,38.047],[127.445,38.057],[127.445,38.097],[127.431,38.115],[127.441,38.124],[127.454,38.117],[127.495,38.133],[127.503,38.148],[127.491,38.159],[127.504,38.174],[127.509,38.199],[127.525,38.201],[127.542,38.217],[127.543,38.231],[127.559,38.233],[127.579,38.256],[127.597,38.263],[127.597,38.282],[127.607,38.285],[127.635,38.261],[127.672,38.264],[127.683,38.252],[127.705,38.248],[127.713,38.25],[127.712,38.259],[127.733,38.279],[127.782,38.288],[127.802,38.277],[127.808,38.286]]]}},{"type":"Feature","properties":{"code":"KR-32380","name":"양구군","provinceCode":"KR-32","province":"강원","rarity":"LEGEND"},"geometry":{"type":"Polygon","coordinates":[[[128.159,38.326],[128.171,38.316],[128.172,38.281],[128.158,38.259],[128.124,38.241],[128.117,38.225],[128.121,38.214],[128.099,38.192],[128.104,38.178],[128.086,38.152],[128.088,38.138],[128.1,38.13],[128.105,38.109],[128.088,38.096],[128.1,38.078],[128.113,38.071],[128.118,38.048],[128.114,38.037],[128.095,38.028],[128.061,38.047],[128.056,38.031],[128.06,38.015],[128.014,38.019],[127.996,38.002],[127.984,38.01],[127.985,38.027],[127.955,38.039],[127.938,38.014],[127.91,38.025],[127.902,38.038],[127.904,38.053],[127.914,38.059],[127.904,38.07],[127.908,38.08],[127.901,38.091],[127.888,38.094],[127.888,38.115],[127.876,38.119],[127.878,38.198],[127.852,38.209],[127.853,38.23],[127.858,38.235],[127.853,38.258],[127.863,38.285],[127.897,38.313],[127.949,38.304],[127.976,38.287],[127.986,38.273],[127.992,38.279],[128.003,38.276],[128.016,38.29],[128.018,38.314],[128.049,38.307],[128.092,38.315],[128.113,38.328],[128.159,38.326]]]}},{"type":"Feature","properties":{"code":"KR-32390","name":"인제군","provinceCode":"KR-32","province":"강원","rarity":"RARE"},"geometry":{"type":"Polygon","coordinates":[[[128.22,38.385],[128.234,38.387],[128.229,38.379],[128.234,38.372],[128.27,38.376],[128.273,38.366],[128.265,38.352],[128.271,38.337],[128.287,38.34],[128.312,38.331],[128.309,38.321],[128.321,38.295],[128.319,38.266],[128.359,38.266],[128.368,38.236],[128.387,38.247],[128.397,38.24],[128.417,38.255],[128.438,38.241],[128.442,38.204],[128.421,38.177],[128.438,38.163],[128.443,38.15],[128.466,38.137],[128.466,38.121],[128.428,38.108],[128.411,38.111],[128.41,38.099],[128.404,38.096],[128.41,38.072],[128.426,38.049],[128.441,38.058],[128.463,38.049],[128.486,38.054],[128.501,38.038],[128.503,38.017],[128.514,38.013],[128.496,37.982],[128.495,37.964],[128.474,37.961],[128.466,37.948],[128.464,37.936],[128.477,37.922],[128.473,37.9],[128.482,37.895],[128.475,37.885],[128.44,37.864],[128.432,37.867],[128.422,37.883],[128.412,37.885],[128.401,37.861],[128.382,37.859],[128.366,37.847],[128.365,37.834],[128.347,37.826],[128.328,37.834],[128.32,37.831],[128.308,37.844],[128.303,37.86],[128.291,37.869],[128.263,37.858],[128.256,37.84],[128.212,37.812],[128.185,37.83],[128.181,37.843],[128.169,37.851],[128.174,37.885],[128.164,37.888],[128.161,37.895],[128.092,37.898],[128.045,37.923],[128.03,37.944],[128.001,37.937],[127.978,37.957],[127.984,37.966],[127.984,37.989],[128.015,37.997],[128.025,38.012],[128.043,38.02],[128.06,38.015],[128.056,38.031],[128.061,38.047],[128.096,38.028],[128.112,38.035],[128.118,38.048],[128.113,38.071],[128.089,38.093],[128.09,38.101],[128.105,38.109],[128.1,38.13],[128.088,38.138],[128.086,38.152],[128.104,38.178],[128.099,38.192],[128.121,38.214],[128.117,38.225],[128.124,38.241],[128.158,38.259],[128.172,38.281],[128.171,38.316],[128.155,38.329],[128.142,38.324],[128.113,38.328],[128.092,38.315],[128.087,38.318],[128.115,38.337],[128.136,38.333],[128.145,38.343],[128.158,38.343],[128.175,38.364],[128.184,38.361],[128.192,38.373],[128.201,38.375],[128.212,38.37],[128.22,38.385]]]}},{"type":"Feature","properties":{"code":"KR-32400","name":"고성군","provinceCode":"KR-32","province":"강원","rarity":"RARE"},"geometry":{"type":"Polygon","coordinates":[[[128.356,38.614],[128.405,38.555],[128.411,38.556],[128.405,38.545],[128.424,38.523],[128.421,38.506],[128.439,38.487],[128.44,38.476],[128.467,38.45],[128.455,38.445],[128.457,38.432],[128.477,38.402],[128.511,38.373],[128.507,38.364],[128.513,38.347],[128.529,38.332],[128.529,38.321],[128.551,38.304],[128.547,38.291],[128.56,38.271],[128.556,38.274],[128.56,38.258],[128.585,38.231],[128.574,38.222],[128.534,38.216],[128.499,38.202],[128.481,38.187],[128.467,38.199],[128.441,38.205],[128.439,38.239],[128.425,38.253],[128.417,38.255],[128.397,38.239],[128.388,38.247],[128.379,38.245],[128.368,38.236],[128.359,38.266],[128.319,38.266],[128.321,38.295],[128.309,38.321],[128.312,38.331],[128.287,38.34],[128.271,38.337],[128.265,38.352],[128.273,38.366],[128.27,38.376],[128.249,38.371],[128.23,38.377],[128.234,38.385],[128.226,38.39],[128.229,38.397],[128.243,38.403],[128.246,38.415],[128.283,38.436],[128.307,38.479],[128.301,38.491],[128.314,38.522],[128.314,38.585],[128.31,38.594],[128.356,38.614]]]}},{"type":"Feature","properties":{"code":"KR-32410","name":"양양군","provinceCode":"KR-32","province":"강원","rarity":"RARE"},"geometry":{"type":"Polygon","coordinates":[[[128.725,38.024],[128.736,38.022],[128.731,38.007],[128.764,37.98],[128.76,37.976],[128.761,37.972],[128.766,37.972],[128.763,37.966],[128.789,37.945],[128.789,37.936],[128.81,37.918],[128.776,37.91],[128.754,37.912],[128.732,37.9],[128.719,37.903],[128.669,37.886],[128.643,37.895],[128.621,37.872],[128.579,37.863],[128.541,37.891],[128.512,37.88],[128.474,37.9],[128.477,37.922],[128.464,37.936],[128.466,37.948],[128.474,37.961],[128.495,37.964],[128.496,37.982],[128.514,38.013],[128.503,38.017],[128.501,38.038],[128.486,38.054],[128.463,38.049],[128.441,38.058],[128.425,38.049],[128.41,38.072],[128.404,38.096],[128.41,38.099],[128.411,38.111],[128.428,38.108],[128.458,38.121],[128.467,38.119],[128.491,38.136],[128.53,38.136],[128.535,38.149],[128.56,38.148],[128.571,38.161],[128.609,38.161],[128.613,38.144],[128.668,38.09],[128.676,38.067],[128.725,38.024]]]}},{"type":"Feature","properties":{"code":"KR-33020","name":"충주시","provinceCode":"KR-33","province":"충북","rarity":"COMMON"},"geometry":{"type":"Polygon","coordinates":[[[127.982,36.816],[127.982,36.823],[127.972,36.826],[127.976,36.837],[127.967,36.851],[127.969,36.859],[127.945,36.873],[127.951,36.887],[127.932,36.888],[127.918,36.881],[127.904,36.888],[127.901,36.897],[127.883,36.89],[127.882,36.896],[127.864,36.896],[127.855,36.907],[127.838,36.914],[127.843,36.928],[127.836,36.93],[127.833,36.94],[127.809,36.94],[127.8,36.948],[127.776,36.933],[127.753,36.958],[127.739,36.952],[127.716,36.958],[127.686,36.986],[127.668,36.988],[127.662,36.977],[127.651,36.983],[127.655,37.001],[127.666,37.003],[127.656,37.016],[127.664,37.031],[127.691,37.053],[127.684,37.078],[127.692,37.081],[127.702,37.103],[127.723,37.115],[127.71,37.135],[127.695,37.141],[127.695,37.151],[127.717,37.183],[127.726,37.183],[127.735,37.208],[127.744,37.215],[127.756,37.171],[127.79,37.143],[127.847,37.153],[127.853,37.16],[127.861,37.155],[127.872,37.164],[127.887,37.161],[127.899,37.15],[127.915,37.169],[127.955,37.161],[127.968,37.156],[127.971,37.142],[127.987,37.131],[127.985,37.112],[127.999,37.108],[128.004,37.098],[128.012,37.1],[128.02,37.118],[128.037,37.112],[128.045,37.116],[128.047,37.103],[128.063,37.097],[128.061,37.087],[128.085,37.076],[128.081,37.048],[128.09,37.023],[128.076,37.003],[128.091,36.986],[128.087,36.951],[128.075,36.95],[128.06,36.96],[128.04,36.954],[128.043,36.94],[128.059,36.932],[128.062,36.92],[128.073,36.913],[128.066,36.909],[128.066,36.894],[128.036,36.855],[128.062,36.838],[128.087,36.852],[128.098,36.834],[128.127,36.834],[128.134,36.828],[128.11,36.821],[128.107,36.807],[128.093,36.803],[128.093,36.797],[128.067,36.817],[128.035,36.825],[128.024,36.826],[128.023,36.813],[128.012,36.807],[127.982,36.816]]]}},{"type":"Feature","properties":{"code":"KR-33030","name":"제천시","provinceCode":"KR-33","province":"충북","rarity":"COMMON"},"geometry":{"type":"Polygon","coordinates":[[[127.981,37.257],[128.018,37.246],[128.023,37.226],[128.039,37.216],[128.028,37.202],[128.037,37.189],[128.074,37.193],[128.109,37.206],[128.125,37.235],[128.164,37.213],[128.173,37.219],[128.174,37.233],[128.201,37.249],[128.215,37.246],[128.229,37.228],[128.251,37.23],[128.268,37.208],[128.317,37.223],[128.332,37.214],[128.326,37.197],[128.313,37.197],[128.31,37.187],[128.296,37.183],[128.298,37.172],[128.281,37.173],[128.264,37.16],[128.278,37.144],[128.303,37.129],[128.309,37.112],[128.304,37.1],[128.294,37.098],[128.278,37.116],[128.271,37.116],[128.256,37.101],[128.269,37.088],[128.239,37.074],[128.237,37.065],[128.218,37.054],[128.217,37.037],[128.225,37.027],[128.24,37.024],[128.256,37.006],[128.266,36.961],[128.26,36.955],[128.264,36.949],[128.236,36.934],[128.237,36.917],[128.246,36.905],[128.244,36.891],[128.251,36.885],[128.235,36.863],[128.237,36.845],[128.211,36.847],[128.215,36.812],[128.153,36.822],[128.142,36.833],[128.098,36.834],[128.087,36.852],[128.062,36.838],[128.037,36.852],[128.066,36.894],[128.066,36.909],[128.073,36.913],[128.062,36.92],[128.059,36.932],[128.043,36.94],[128.04,36.954],[128.06,36.96],[128.075,36.95],[128.087,36.951],[128.091,36.986],[128.076,37.003],[128.09,37.023],[128.081,37.048],[128.085,37.076],[128.061,37.087],[128.063,37.097],[128.047,37.103],[128.045,37.116],[128.037,37.112],[128.02,37.118],[128.012,37.1],[128.004,37.098],[127.999,37.108],[127.985,37.112],[127.987,37.131],[127.971,37.142],[127.968,37.156],[127.926,37.166],[127.936,37.189],[127.922,37.225],[127.939,37.241],[127.981,37.257]]]}},{"type":"Feature","properties":{"code":"KR-33041","name":"청주시상당구","provinceCode":"KR-33","province":"충북","rarity":"COMMON"},"geometry":{"type":"Polygon","coordinates":[[[127.679,36.718],[127.687,36.72],[127.701,36.71],[127.714,36.69],[127.727,36.683],[127.713,36.668],[127.709,36.654],[127.738,36.641],[127.75,36.622],[127.765,36.613],[127.769,36.594],[127.746,36.585],[127.729,36.602],[127.714,36.602],[127.695,36.588],[127.646,36.607],[127.636,36.6],[127.611,36.569],[127.617,36.559],[127.612,36.551],[127.581,36.542],[127.565,36.531],[127.577,36.49],[127.556,36.472],[127.545,36.446],[127.52,36.435],[127.511,36.41],[127.502,36.409],[127.49,36.434],[127.504,36.454],[127.479,36.457],[127.484,36.477],[127.476,36.49],[127.45,36.501],[127.445,36.513],[127.456,36.526],[127.448,36.547],[127.485,36.545],[127.482,36.561],[127.467,36.562],[127.468,36.572],[127.474,36.581],[127.499,36.588],[127.497,36.615],[127.483,36.631],[127.483,36.645],[127.518,36.655],[127.537,36.67],[127.567,36.674],[127.617,36.707],[127.635,36.709],[127.651,36.702],[127.663,36.715],[127.665,36.73],[127.679,36.718]]]}},{"type":"Feature","properties":{"code":"KR-33042","name":"청주시서원구","provinceCode":"KR-33","province":"충북","rarity":"COMMON"},"geometry":{"type":"Polygon","coordinates":[[[127.482,36.646],[127.483,36.631],[127.497,36.615],[127.499,36.588],[127.474,36.581],[127.468,36.572],[127.467,36.562],[127.482,36.561],[127.485,36.545],[127.448,36.547],[127.456,36.526],[127.445,36.513],[127.45,36.501],[127.476,36.49],[127.48,36.477],[127.47,36.474],[127.463,36.456],[127.451,36.449],[127.436,36.456],[127.402,36.456],[127.404,36.481],[127.396,36.492],[127.411,36.498],[127.409,36.51],[127.398,36.521],[127.408,36.527],[127.402,36.541],[127.384,36.542],[127.373,36.56],[127.413,36.606],[127.419,36.597],[127.434,36.599],[127.443,36.623],[127.457,36.638],[127.482,36.646]]]}},{"type":"Feature","properties":{"code":"KR-33043","name":"청주시흥덕구","provinceCode":"KR-33","province":"충북","rarity":"COMMON"},"geometry":{"type":"Polygon","coordinates":[[[127.31,36.724],[127.375,36.712],[127.393,36.718],[127.411,36.71],[127.409,36.706],[127.432,36.685],[127.448,36.684],[127.448,36.675],[127.462,36.671],[127.482,36.646],[127.457,36.638],[127.443,36.623],[127.434,36.599],[127.419,36.597],[127.415,36.607],[127.377,36.568],[127.338,36.562],[127.321,36.584],[127.3,36.586],[127.307,36.601],[127.292,36.626],[127.292,36.636],[127.279,36.634],[127.276,36.64],[127.283,36.642],[127.289,36.659],[127.305,36.668],[127.308,36.682],[127.285,36.691],[127.308,36.705],[127.31,36.724]]]}},{"type":"Feature","properties":{"code":"KR-33044","name":"청주시청원구","provinceCode":"KR-33","province":"충북","rarity":"COMMON"},"geometry":{"type":"Polygon","coordinates":[[[127.565,36.78],[127.589,36.761],[127.591,36.748],[127.606,36.743],[127.619,36.716],[127.613,36.701],[127.598,36.697],[127.567,36.674],[127.537,36.67],[127.522,36.656],[127.488,36.645],[127.458,36.674],[127.448,36.675],[127.448,36.684],[127.426,36.689],[127.409,36.706],[127.411,36.71],[127.393,36.718],[127.375,36.713],[127.318,36.725],[127.328,36.735],[127.339,36.73],[127.343,36.736],[127.333,36.747],[127.335,36.752],[127.359,36.761],[127.386,36.76],[127.404,36.746],[127.412,36.757],[127.424,36.759],[127.427,36.751],[127.451,36.749],[127.45,36.759],[127.46,36.77],[127.49,36.774],[127.497,36.78],[127.509,36.777],[127.509,36.767],[127.565,36.78]]]}},{"type":"Feature","properties":{"code":"KR-33320","name":"보은군","provinceCode":"KR-33","province":"충북","rarity":"RARE"},"geometry":{"type":"Polygon","coordinates":[[[127.786,36.614],[127.805,36.581],[127.824,36.571],[127.86,36.568],[127.87,36.559],[127.876,36.537],[127.902,36.528],[127.906,36.506],[127.876,36.486],[127.882,36.476],[127.882,36.462],[127.872,36.441],[127.873,36.424],[127.883,36.422],[127.873,36.406],[127.864,36.403],[127.863,36.393],[127.876,36.391],[127.884,36.38],[127.88,36.371],[127.833,36.369],[127.823,36.38],[127.79,36.389],[127.771,36.387],[127.762,36.393],[127.747,36.386],[127.73,36.39],[127.708,36.407],[127.71,36.414],[127.681,36.419],[127.681,36.436],[127.666,36.445],[127.658,36.438],[127.645,36.445],[127.639,36.436],[127.631,36.44],[127.612,36.403],[127.584,36.418],[127.58,36.408],[127.555,36.393],[127.56,36.398],[127.546,36.409],[127.542,36.419],[127.515,36.422],[127.52,36.435],[127.545,36.446],[127.556,36.472],[127.577,36.49],[127.565,36.531],[127.581,36.542],[127.612,36.551],[127.617,36.559],[127.611,36.569],[127.636,36.6],[127.646,36.607],[127.695,36.588],[127.714,36.602],[127.729,36.602],[127.746,36.585],[127.769,36.594],[127.769,36.604],[127.786,36.614]]]}},{"type":"Feature","properties":{"code":"KR-33330","name":"옥천군","provinceCode":"KR-33","province":"충북","rarity":"RARE"},"geometry":{"type":"Polygon","coordinates":[[[127.647,36.444],[127.658,36.438],[127.666,36.445],[127.68,36.436],[127.681,36.419],[127.71,36.414],[127.708,36.407],[127.73,36.39],[127.747,36.386],[127.762,36.393],[127.771,36.387],[127.79,36.389],[127.823,36.38],[127.833,36.369],[127.884,36.371],[127.891,36.36],[127.883,36.346],[127.853,36.33],[127.845,36.316],[127.821,36.305],[127.817,36.31],[127.808,36.309],[127.794,36.291],[127.77,36.29],[127.756,36.268],[127.729,36.276],[127.714,36.268],[127.715,36.263],[127.702,36.261],[127.68,36.226],[127.664,36.223],[127.656,36.229],[127.651,36.225],[127.648,36.207],[127.654,36.192],[127.65,36.185],[127.655,36.177],[127.65,36.171],[127.633,36.18],[127.598,36.185],[127.592,36.195],[127.6,36.205],[127.598,36.217],[127.584,36.231],[127.57,36.234],[127.545,36.226],[127.55,36.238],[127.538,36.243],[127.536,36.251],[127.518,36.241],[127.493,36.238],[127.486,36.261],[127.499,36.283],[127.491,36.297],[127.499,36.306],[127.495,36.312],[127.503,36.326],[127.501,36.339],[127.522,36.354],[127.525,36.388],[127.539,36.398],[127.555,36.393],[127.566,36.398],[127.584,36.418],[127.612,36.403],[127.631,36.44],[127.639,36.436],[127.647,36.444]]]}},{"type":"Feature","properties":{"code":"KR-33340","name":"영동군","provinceCode":"KR-33","province":"충북","rarity":"RARE"},"geometry":{"type":"Polygon","coordinates":[[[127.844,36.315],[127.842,36.308],[127.852,36.274],[127.883,36.274],[127.904,36.301],[127.908,36.286],[127.931,36.278],[127.96,36.252],[127.971,36.25],[127.981,36.264],[128.009,36.272],[128.026,36.268],[128.047,36.257],[128.03,36.24],[128.058,36.201],[128.039,36.194],[128.024,36.207],[128.01,36.209],[127.978,36.198],[127.975,36.188],[127.984,36.178],[127.983,36.171],[127.997,36.155],[127.987,36.147],[127.988,36.129],[127.967,36.118],[127.969,36.103],[127.958,36.09],[127.961,36.07],[127.936,36.051],[127.917,36.054],[127.903,36.039],[127.885,36.036],[127.877,36.023],[127.866,36.024],[127.849,36.04],[127.799,36.026],[127.788,36.015],[127.764,36.012],[127.759,36.015],[127.762,36.025],[127.702,36.035],[127.695,36.059],[127.688,36.063],[127.67,36.051],[127.673,36.042],[127.66,36.039],[127.654,36.056],[127.617,36.094],[127.619,36.109],[127.589,36.134],[127.602,36.16],[127.595,36.181],[127.608,36.186],[127.65,36.171],[127.655,36.177],[127.648,36.207],[127.656,36.229],[127.664,36.223],[127.68,36.226],[127.7,36.259],[127.715,36.263],[127.714,36.269],[127.731,36.276],[127.756,36.268],[127.77,36.29],[127.794,36.291],[127.808,36.309],[127.817,36.31],[127.821,36.305],[127.844,36.315]]]}},{"type":"Feature","properties":{"code":"KR-33350","name":"진천군","provinceCode":"KR-33","province":"충북","rarity":"RARE"},"geometry":{"type":"Polygon","coordinates":[[[127.441,37.012],[127.449,37.01],[127.449,36.977],[127.457,36.965],[127.446,36.961],[127.447,36.95],[127.463,36.948],[127.471,36.936],[127.493,36.939],[127.511,36.931],[127.527,36.911],[127.553,36.899],[127.556,36.886],[127.569,36.886],[127.585,36.871],[127.577,36.865],[127.579,36.852],[127.572,36.85],[127.569,36.839],[127.57,36.829],[127.579,36.828],[127.572,36.82],[127.537,36.809],[127.548,36.798],[127.555,36.799],[127.565,36.78],[127.509,36.767],[127.505,36.779],[127.482,36.776],[127.46,36.77],[127.447,36.749],[127.427,36.751],[127.427,36.758],[127.42,36.758],[127.413,36.773],[127.395,36.782],[127.401,36.799],[127.382,36.814],[127.367,36.817],[127.352,36.831],[127.335,36.831],[127.337,36.855],[127.307,36.86],[127.308,36.885],[127.288,36.894],[127.303,36.916],[127.298,36.923],[127.295,36.93],[127.296,36.931],[127.327,36.936],[127.35,36.953],[127.376,36.949],[127.387,36.964],[127.402,36.968],[127.385,36.984],[127.393,36.997],[127.429,37.002],[127.441,37.012]]]}},{"type":"Feature","properties":{"code":"KR-33360","name":"괴산군","provinceCode":"KR-33","province":"충북","rarity":"RARE"},"geometry":{"type":"Polygon","coordinates":[[[127.808,36.941],[127.833,36.94],[127.836,36.93],[127.843,36.928],[127.838,36.914],[127.855,36.907],[127.864,36.896],[127.882,36.896],[127.883,36.89],[127.901,36.897],[127.904,36.888],[127.918,36.881],[127.932,36.888],[127.951,36.886],[127.945,36.873],[127.969,36.859],[127.967,36.851],[127.976,36.837],[127.972,36.826],[127.982,36.823],[127.982,36.816],[128.017,36.808],[128.024,36.826],[128.059,36.816],[128.055,36.793],[128.032,36.748],[128.068,36.722],[128.07,36.708],[128.049,36.708],[128.015,36.73],[128.002,36.717],[127.987,36.718],[127.961,36.737],[127.949,36.72],[127.95,36.708],[127.934,36.706],[127.929,36.691],[127.894,36.694],[127.875,36.683],[127.9,36.682],[127.913,36.678],[127.918,36.668],[127.932,36.665],[127.939,36.647],[127.932,36.619],[127.924,36.615],[127.924,36.602],[127.907,36.626],[127.889,36.63],[127.88,36.657],[127.861,36.636],[127.847,36.634],[127.856,36.612],[127.841,36.608],[127.821,36.613],[127.802,36.602],[127.786,36.614],[127.769,36.604],[127.738,36.641],[127.709,36.654],[127.713,36.668],[127.727,36.683],[127.714,36.69],[127.702,36.71],[127.687,36.72],[127.68,36.717],[127.662,36.732],[127.64,36.732],[127.636,36.752],[127.624,36.76],[127.629,36.772],[127.621,36.779],[127.621,36.788],[127.642,36.801],[127.63,36.819],[127.642,36.856],[127.656,36.861],[127.678,36.851],[127.694,36.88],[127.708,36.876],[127.735,36.88],[127.751,36.873],[127.788,36.881],[127.792,36.899],[127.785,36.906],[127.797,36.903],[127.798,36.909],[127.781,36.924],[127.788,36.927],[127.795,36.946],[127.807,36.946],[127.808,36.941]]]}},{"type":"Feature","properties":{"code":"KR-33370","name":"음성군","provinceCode":"KR-33","province":"충북","rarity":"RARE"},"geometry":{"type":"Polygon","coordinates":[[[127.662,37.139],[127.706,37.137],[127.723,37.116],[127.702,37.103],[127.692,37.081],[127.684,37.078],[127.691,37.053],[127.664,37.031],[127.656,37.016],[127.666,37.003],[127.655,37.001],[127.651,36.983],[127.662,36.977],[127.668,36.988],[127.686,36.986],[127.716,36.958],[127.739,36.952],[127.753,36.958],[127.774,36.934],[127.788,36.937],[127.789,36.927],[127.781,36.924],[127.798,36.908],[127.797,36.903],[127.785,36.906],[127.792,36.899],[127.788,36.881],[127.751,36.873],[127.735,36.88],[127.708,36.876],[127.694,36.88],[127.678,36.851],[127.652,36.861],[127.616,36.834],[127.611,36.848],[127.617,36.859],[127.597,36.852],[127.584,36.86],[127.578,36.853],[127.577,36.865],[127.585,36.875],[127.572,36.877],[127.569,36.886],[127.556,36.886],[127.553,36.899],[127.527,36.911],[127.511,36.931],[127.493,36.939],[127.471,36.936],[127.463,36.948],[127.447,36.95],[127.446,36.961],[127.457,36.964],[127.449,36.977],[127.447,37.012],[127.458,37.02],[127.457,37.042],[127.468,37.053],[127.486,37.055],[127.5,37.048],[127.518,37.058],[127.557,37.041],[127.57,37.048],[127.565,37.061],[127.578,37.075],[127.605,37.069],[127.595,37.088],[127.612,37.087],[127.635,37.1],[127.638,37.141],[127.628,37.155],[127.647,37.151],[127.662,37.139]]]}},{"type":"Feature","properties":{"code":"KR-33380","name":"단양군","provinceCode":"KR-33","province":"충북","rarity":"RARE"},"geometry":{"type":"Polygon","coordinates":[[[128.393,37.153],[128.404,37.14],[128.396,37.129],[128.418,37.12],[128.425,37.102],[128.435,37.111],[128.478,37.11],[128.497,37.126],[128.514,37.104],[128.531,37.1],[128.538,37.09],[128.562,37.09],[128.592,37.078],[128.602,37.083],[128.606,37.077],[128.623,37.087],[128.628,37.075],[128.652,37.065],[128.633,37.041],[128.608,37.053],[128.607,37.043],[128.584,37.044],[128.566,37.032],[128.573,37.021],[128.555,36.998],[128.515,36.987],[128.507,36.97],[128.467,36.951],[128.46,36.934],[128.442,36.927],[128.445,36.914],[128.424,36.877],[128.449,36.863],[128.447,36.844],[128.434,36.834],[128.421,36.812],[128.383,36.814],[128.364,36.802],[128.353,36.812],[128.316,36.817],[128.287,36.845],[128.282,36.856],[128.242,36.872],[128.251,36.885],[128.244,36.891],[128.246,36.905],[128.237,36.917],[128.236,36.934],[128.264,36.949],[128.26,36.955],[128.266,36.961],[128.256,37.006],[128.24,37.024],[128.225,37.027],[128.217,37.037],[128.218,37.054],[128.237,37.065],[128.239,37.074],[128.269,37.088],[128.256,37.101],[128.271,37.116],[128.278,37.116],[128.294,37.098],[128.304,37.1],[128.309,37.112],[128.298,37.134],[128.31,37.145],[128.338,37.158],[128.36,37.15],[128.364,37.156],[128.393,37.153]]]}},{"type":"Feature","properties":{"code":"KR-33390","name":"증평군","provinceCode":"KR-33","province":"충북","rarity":"RARE"},"geometry":{"type":"Polygon","coordinates":[[[127.584,36.86],[127.597,36.852],[127.617,36.859],[127.611,36.848],[127.616,36.834],[127.635,36.847],[127.639,36.844],[127.63,36.819],[127.642,36.801],[127.621,36.788],[127.62,36.779],[127.628,36.776],[127.624,36.76],[127.636,36.752],[127.639,36.733],[127.665,36.73],[127.663,36.715],[127.651,36.702],[127.635,36.709],[127.618,36.707],[127.606,36.743],[127.591,36.748],[127.589,36.761],[127.568,36.774],[127.555,36.799],[127.548,36.798],[127.537,36.809],[127.574,36.821],[127.579,36.828],[127.569,36.83],[127.572,36.85],[127.584,36.86]]]}},{"type":"Feature","properties":{"code":"KR-34011","name":"천안시동남구","provinceCode":"KR-34","province":"충남","rarity":"COMMON"},"geometry":{"type":"Polygon","coordinates":[[[127.296,36.89],[127.309,36.882],[127.307,36.86],[127.337,36.855],[127.335,36.831],[127.354,36.829],[127.401,36.799],[127.395,36.782],[127.413,36.773],[127.42,36.758],[127.412,36.757],[127.404,36.746],[127.386,36.759],[127.369,36.761],[127.336,36.753],[127.333,36.747],[127.343,36.734],[127.338,36.729],[127.328,36.735],[127.31,36.724],[127.308,36.705],[127.285,36.69],[127.246,36.696],[127.236,36.707],[127.203,36.726],[127.16,36.733],[127.128,36.709],[127.136,36.705],[127.142,36.69],[127.156,36.691],[127.157,36.696],[127.161,36.69],[127.164,36.678],[127.155,36.664],[127.161,36.656],[127.153,36.645],[127.16,36.624],[127.15,36.62],[127.14,36.643],[127.11,36.659],[127.094,36.654],[127.089,36.642],[127.081,36.641],[127.037,36.655],[127.025,36.656],[127.02,36.65],[127.008,36.657],[127.029,36.689],[127.059,36.708],[127.078,36.71],[127.087,36.749],[127.098,36.756],[127.092,36.761],[127.118,36.764],[127.119,36.776],[127.113,36.785],[127.135,36.796],[127.133,36.81],[127.124,36.817],[127.131,36.819],[127.146,36.804],[127.15,36.825],[127.171,36.846],[127.181,36.842],[127.198,36.853],[127.223,36.849],[127.233,36.867],[127.248,36.871],[127.252,36.879],[127.271,36.882],[127.278,36.89],[127.296,36.89]]]}},{"type":"Feature","properties":{"code":"KR-34012","name":"천안시서북구","provinceCode":"KR-34","province":"충남","rarity":"COMMON"},"geometry":{"type":"Polygon","coordinates":[[[127.15,36.825],[127.143,36.803],[127.131,36.819],[127.124,36.817],[127.133,36.81],[127.135,36.796],[127.125,36.789],[127.113,36.785],[127.111,36.797],[127.096,36.796],[127.106,36.836],[127.098,36.84],[127.11,36.855],[127.107,36.86],[127.087,36.862],[127.088,36.89],[127.093,36.894],[127.085,36.904],[127.094,36.913],[127.074,36.939],[127.086,36.948],[127.096,36.942],[127.103,36.953],[127.097,36.959],[127.112,36.971],[127.13,36.966],[127.159,36.97],[127.155,36.964],[127.178,36.963],[127.18,36.957],[127.204,36.951],[127.21,36.931],[127.244,36.918],[127.253,36.922],[127.273,36.911],[127.291,36.892],[127.233,36.867],[127.223,36.849],[127.198,36.853],[127.181,36.842],[127.171,36.846],[127.15,36.825]]]}},{"type":"Feature","properties":{"code":"KR-34020","name":"공주시","provinceCode":"KR-34","province":"충남","rarity":"COMMON"},"geometry":{"type":"Polygon","coordinates":[[[126.989,36.649],[127.009,36.656],[127.02,36.65],[127.025,36.656],[127.037,36.655],[127.085,36.641],[127.094,36.654],[127.12,36.656],[127.14,36.643],[127.156,36.606],[127.184,36.591],[127.191,36.594],[127.193,36.581],[127.207,36.579],[127.203,36.567],[127.194,36.565],[127.187,36.553],[127.192,36.546],[127.174,36.542],[127.173,36.533],[127.182,36.521],[127.17,36.509],[127.178,36.502],[127.173,36.497],[127.177,36.493],[127.195,36.49],[127.192,36.475],[127.205,36.459],[127.198,36.452],[127.199,36.44],[127.218,36.434],[127.227,36.421],[127.242,36.419],[127.251,36.407],[127.263,36.417],[127.282,36.415],[127.281,36.375],[127.271,36.361],[127.279,36.345],[127.266,36.338],[127.266,36.329],[127.256,36.329],[127.237,36.348],[127.212,36.349],[127.196,36.335],[127.159,36.323],[127.158,36.317],[127.143,36.307],[127.13,36.321],[127.121,36.318],[127.107,36.34],[127.084,36.317],[127.078,36.296],[127.067,36.296],[127.066,36.277],[127.028,36.282],[127.015,36.297],[126.991,36.301],[126.987,36.312],[126.996,36.327],[126.99,36.336],[126.977,36.335],[126.99,36.345],[126.992,36.375],[127.026,36.397],[127.027,36.406],[127.015,36.418],[127.024,36.424],[127.02,36.439],[127.007,36.438],[127.003,36.456],[126.975,36.467],[126.956,36.469],[126.931,36.455],[126.915,36.456],[126.914,36.465],[126.893,36.479],[126.894,36.504],[126.884,36.513],[126.893,36.527],[126.89,36.541],[126.9,36.55],[126.899,36.56],[126.931,36.592],[126.927,36.601],[126.938,36.616],[126.936,36.623],[126.945,36.628],[126.959,36.657],[126.957,36.672],[126.968,36.679],[126.978,36.654],[126.989,36.649]]]}},{"type":"Feature","properties":{"code":"KR-34030","name":"보령시","provinceCode":"KR-34","province":"충남","rarity":"COMMON"},"geometry":{"type":"MultiPolygon","coordinates":[[[[126.356,36.355],[126.371,36.335],[126.361,36.326],[126.341,36.328],[126.341,36.338],[126.356,36.355]]],[[[126.458,36.355],[126.387,36.366],[126.384,36.376],[126.397,36.381],[126.415,36.371],[126.414,36.382],[126.435,36.384],[126.431,36.377],[126.439,36.372],[126.431,36.368],[126.46,36.362],[126.458,36.355]]],[[[126.499,36.523],[126.524,36.52],[126.541,36.504],[126.565,36.508],[126.572,36.502],[126.59,36.509],[126.602,36.489],[126.601,36.478],[126.589,36.475],[126.561,36.484],[126.535,36.457],[126.527,36.456],[126.526,36.447],[126.533,36.44],[126.539,36.449],[126.551,36.453],[126.55,36.466],[126.558,36.463],[126.553,36.453],[126.566,36.452],[126.568,36.472],[126.575,36.475],[126.592,36.469],[126.615,36.485],[126.632,36.476],[126.634,36.467],[126.672,36.462],[126.677,36.451],[126.688,36.448],[126.684,36.436],[126.692,36.429],[126.691,36.41],[126.709,36.402],[126.716,36.394],[126.711,36.388],[126.725,36.375],[126.705,36.366],[126.698,36.336],[126.679,36.328],[126.684,36.322],[126.683,36.308],[126.694,36.299],[126.687,36.291],[126.697,36.283],[126.694,36.269],[126.72,36.255],[126.739,36.254],[126.737,36.241],[126.718,36.235],[126.713,36.214],[126.692,36.19],[126.672,36.178],[126.655,36.181],[126.614,36.172],[126.58,36.178],[126.565,36.192],[126.525,36.188],[126.538,36.201],[126.529,36.238],[126.548,36.266],[126.54,36.278],[126.535,36.277],[126.537,36.282],[126.528,36.297],[126.517,36.299],[126.504,36.33],[126.515,36.328],[126.516,36.332],[126.52,36.335],[126.543,36.339],[126.56,36.351],[126.51,36.381],[126.501,36.38],[126.502,36.383],[126.508,36.384],[126.508,36.386],[126.48,36.385],[126.489,36.415],[126.5,36.422],[126.495,36.426],[126.532,36.441],[126.526,36.446],[126.498,36.433],[126.5,36.445],[126.487,36.455],[126.49,36.468],[126.481,36.478],[126.479,36.492],[126.483,36.514],[126.491,36.508],[126.499,36.523]],[[126.521,36.335],[126.516,36.332],[126.528,36.335],[126.521,36.335]]]]}},{"type":"Feature","properties":{"code":"KR-34040","name":"아산시","provinceCode":"KR-34","province":"충남","rarity":"COMMON"},"geometry":{"type":"Polygon","coordinates":[[[127.068,36.942],[127.094,36.912],[127.085,36.904],[127.093,36.894],[127.088,36.89],[127.087,36.862],[127.107,36.86],[127.11,36.855],[127.098,36.84],[127.106,36.836],[127.096,36.796],[127.111,36.797],[127.119,36.766],[127.109,36.759],[127.092,36.761],[127.098,36.756],[127.087,36.749],[127.078,36.71],[127.059,36.708],[127.029,36.689],[127.006,36.653],[126.992,36.649],[126.978,36.654],[126.968,36.679],[126.97,36.694],[126.95,36.704],[126.902,36.702],[126.897,36.724],[126.887,36.731],[126.867,36.729],[126.859,36.747],[126.839,36.753],[126.838,36.761],[126.831,36.762],[126.835,36.786],[126.859,36.794],[126.837,36.831],[126.845,36.884],[126.863,36.88],[126.906,36.889],[126.917,36.906],[126.995,36.935],[127.016,36.935],[127.031,36.928],[127.068,36.942]]]}},{"type":"Feature","properties":{"code":"KR-34050","name":"서산시","provinceCode":"KR-34","province":"충남","rarity":"COMMON"},"geometry":{"type":"Polygon","coordinates":[[[126.395,36.888],[126.396,36.893],[126.406,36.891],[126.407,36.902],[126.413,36.894],[126.432,36.901],[126.411,36.908],[126.412,36.914],[126.405,36.919],[126.418,36.923],[126.419,36.937],[126.416,36.931],[126.396,36.935],[126.389,36.927],[126.38,36.945],[126.368,36.947],[126.359,36.939],[126.362,36.95],[126.351,36.953],[126.35,36.961],[126.333,36.961],[126.335,36.973],[126.344,36.967],[126.363,36.968],[126.37,36.96],[126.388,36.972],[126.376,36.974],[126.38,36.98],[126.375,36.983],[126.365,36.979],[126.331,36.985],[126.327,36.999],[126.352,37.005],[126.359,37.012],[126.361,37.007],[126.418,37.012],[126.417,37.017],[126.421,37.02],[126.418,37.015],[126.452,37.007],[126.454,36.999],[126.463,37.003],[126.481,36.978],[126.49,36.943],[126.474,36.881],[126.509,36.871],[126.515,36.851],[126.51,36.847],[126.526,36.827],[126.575,36.825],[126.592,36.838],[126.601,36.817],[126.632,36.812],[126.653,36.777],[126.648,36.761],[126.653,36.751],[126.633,36.758],[126.633,36.741],[126.625,36.734],[126.609,36.733],[126.602,36.72],[126.61,36.704],[126.6,36.697],[126.595,36.668],[126.581,36.664],[126.58,36.655],[126.546,36.64],[126.534,36.646],[126.511,36.631],[126.506,36.635],[126.453,36.626],[126.453,36.615],[126.441,36.6],[126.411,36.603],[126.414,36.615],[126.36,36.625],[126.347,36.68],[126.346,36.731],[126.344,36.741],[126.337,36.743],[126.347,36.756],[126.348,36.778],[126.355,36.79],[126.318,36.843],[126.328,36.861],[126.347,36.861],[126.343,36.846],[126.365,36.83],[126.358,36.849],[126.37,36.858],[126.372,36.868],[126.364,36.877],[126.398,36.881],[126.395,36.888]]]}},{"type":"Feature","properties":{"code":"KR-34060","name":"논산시","provinceCode":"KR-34","province":"충남","rarity":"COMMON"},"geometry":{"type":"Polygon","coordinates":[[[127.118,36.322],[127.13,36.321],[127.143,36.307],[127.158,36.317],[127.159,36.323],[127.196,36.335],[127.206,36.303],[127.197,36.276],[127.202,36.251],[127.221,36.262],[127.237,36.255],[127.239,36.236],[127.245,36.232],[127.281,36.246],[127.282,36.236],[127.294,36.223],[127.303,36.222],[127.304,36.23],[127.315,36.221],[127.323,36.204],[127.334,36.201],[127.332,36.185],[127.319,36.162],[127.323,36.146],[127.319,36.12],[127.302,36.125],[127.294,36.113],[127.273,36.107],[127.252,36.113],[127.246,36.101],[127.255,36.087],[127.248,36.083],[127.232,36.097],[127.212,36.101],[127.205,36.1],[127.198,36.086],[127.182,36.095],[127.169,36.084],[127.146,36.09],[127.135,36.084],[127.132,36.067],[127.123,36.064],[127.102,36.076],[127.09,36.072],[127.061,36.089],[127.057,36.115],[127.063,36.125],[127.045,36.135],[127.045,36.146],[127.04,36.138],[127.024,36.137],[127.016,36.149],[127,36.151],[127.003,36.169],[126.989,36.183],[126.984,36.208],[127.001,36.216],[127.005,36.21],[127.015,36.212],[127.04,36.247],[127.064,36.256],[127.07,36.27],[127.067,36.296],[127.078,36.296],[127.084,36.317],[127.107,36.34],[127.118,36.322]]]}},{"type":"Feature","properties":{"code":"KR-34070","name":"계룡시","provinceCode":"KR-34","province":"충남","rarity":"COMMON"},"geometry":{"type":"Polygon","coordinates":[[[127.204,36.346],[127.24,36.347],[127.242,36.339],[127.254,36.337],[127.26,36.327],[127.26,36.296],[127.247,36.291],[127.259,36.276],[127.292,36.265],[127.282,36.258],[127.281,36.246],[127.247,36.232],[127.239,36.236],[127.237,36.255],[127.221,36.262],[127.202,36.251],[127.197,36.276],[127.206,36.303],[127.196,36.335],[127.204,36.346]]]}},{"type":"Feature","properties":{"code":"KR-34080","name":"당진시","provinceCode":"KR-34","province":"충남","rarity":"COMMON"},"geometry":{"type":"MultiPolygon","coordinates":[[[[126.695,37],[126.783,36.974],[126.78,36.967],[126.794,36.943],[126.792,36.937],[126.802,36.925],[126.806,36.931],[126.812,36.926],[126.817,36.896],[126.845,36.884],[126.837,36.831],[126.858,36.801],[126.856,36.789],[126.817,36.787],[126.825,36.777],[126.81,36.77],[126.801,36.775],[126.801,36.766],[126.787,36.764],[126.772,36.749],[126.747,36.767],[126.728,36.796],[126.714,36.804],[126.696,36.801],[126.694,36.785],[126.669,36.781],[126.663,36.77],[126.65,36.78],[126.632,36.812],[126.601,36.817],[126.592,36.838],[126.575,36.825],[126.526,36.827],[126.51,36.847],[126.515,36.851],[126.509,36.871],[126.474,36.881],[126.49,36.943],[126.481,36.978],[126.463,37.003],[126.47,37.008],[126.46,37.02],[126.498,37.065],[126.519,37.059],[126.527,37.044],[126.542,37.035],[126.561,37.037],[126.562,37.029],[126.632,37.002],[126.695,37]]],[[[126.428,37.064],[126.432,37.058],[126.445,37.061],[126.45,37.044],[126.421,37.042],[126.418,37.063],[126.428,37.064]]]]}},{"type":"Feature","properties":{"code":"KR-34310","name":"금산군","provinceCode":"KR-34","province":"충남","rarity":"RARE"},"geometry":{"type":"Polygon","coordinates":[[[127.378,36.271],[127.39,36.262],[127.387,36.234],[127.399,36.233],[127.411,36.218],[127.408,36.213],[127.441,36.195],[127.456,36.201],[127.454,36.207],[127.469,36.215],[127.467,36.222],[127.478,36.23],[127.493,36.238],[127.518,36.241],[127.533,36.251],[127.549,36.239],[127.545,36.226],[127.58,36.233],[127.598,36.218],[127.593,36.177],[127.602,36.16],[127.589,36.134],[127.619,36.109],[127.617,36.094],[127.632,36.082],[127.638,36.068],[127.621,36.064],[127.619,36.039],[127.631,36.042],[127.64,36.032],[127.611,36.025],[127.619,36.008],[127.614,36.001],[127.59,36.026],[127.575,36.023],[127.566,36.031],[127.531,36.041],[127.539,36.026],[127.54,36.012],[127.532,36.008],[127.536,35.995],[127.524,35.985],[127.507,35.98],[127.499,35.987],[127.488,35.978],[127.468,35.988],[127.456,35.984],[127.445,36.007],[127.437,36.009],[127.435,36.029],[127.401,36.009],[127.376,36.023],[127.374,36.041],[127.36,36.055],[127.364,36.066],[127.357,36.082],[127.36,36.089],[127.348,36.098],[127.353,36.114],[127.338,36.13],[127.323,36.131],[127.318,36.154],[127.32,36.171],[127.364,36.219],[127.363,36.269],[127.378,36.271]]]}},{"type":"Feature","properties":{"code":"KR-34330","name":"부여군","provinceCode":"KR-34","province":"충남","rarity":"RARE"},"geometry":{"type":"Polygon","coordinates":[[[126.85,36.386],[126.844,36.375],[126.832,36.375],[126.835,36.364],[126.845,36.364],[126.841,36.355],[126.86,36.343],[126.855,36.331],[126.862,36.321],[126.893,36.323],[126.9,36.332],[126.9,36.326],[126.912,36.327],[126.927,36.314],[126.96,36.332],[126.986,36.337],[126.996,36.327],[126.987,36.312],[126.993,36.299],[127.015,36.297],[127.028,36.282],[127.066,36.277],[127.07,36.27],[127.064,36.256],[127.04,36.247],[127.015,36.212],[127.005,36.21],[127.001,36.216],[126.984,36.208],[126.989,36.183],[127.003,36.169],[127,36.152],[127.006,36.152],[127.006,36.15],[126.981,36.148],[126.957,36.157],[126.92,36.136],[126.89,36.14],[126.874,36.11],[126.871,36.072],[126.842,36.08],[126.837,36.1],[126.84,36.117],[126.82,36.135],[126.802,36.141],[126.794,36.137],[126.796,36.179],[126.742,36.183],[126.714,36.175],[126.7,36.179],[126.692,36.19],[126.713,36.214],[126.718,36.235],[126.737,36.241],[126.739,36.254],[126.72,36.255],[126.694,36.269],[126.697,36.283],[126.687,36.291],[126.694,36.299],[126.683,36.308],[126.684,36.322],[126.678,36.332],[126.696,36.334],[126.705,36.366],[126.727,36.376],[126.735,36.379],[126.739,36.366],[126.748,36.366],[126.753,36.356],[126.785,36.357],[126.791,36.352],[126.809,36.376],[126.85,36.386]]]}},{"type":"Feature","properties":{"code":"KR-34340","name":"서천군","provinceCode":"KR-34","province":"충남","rarity":"RARE"},"geometry":{"type":"Polygon","coordinates":[[[126.646,36.053],[126.631,36.055],[126.631,36.077],[126.619,36.078],[126.624,36.084],[126.633,36.082],[126.647,36.088],[126.645,36.094],[126.631,36.092],[126.632,36.099],[126.62,36.102],[126.612,36.096],[126.607,36.11],[126.591,36.129],[126.57,36.14],[126.556,36.128],[126.55,36.14],[126.533,36.15],[126.507,36.15],[126.501,36.141],[126.504,36.129],[126.509,36.129],[126.503,36.129],[126.493,36.137],[126.493,36.159],[126.519,36.16],[126.526,36.169],[126.525,36.187],[126.565,36.192],[126.58,36.178],[126.614,36.172],[126.655,36.181],[126.667,36.176],[126.692,36.19],[126.7,36.179],[126.714,36.175],[126.742,36.183],[126.783,36.184],[126.796,36.178],[126.794,36.137],[126.802,36.141],[126.82,36.135],[126.84,36.117],[126.837,36.1],[126.842,36.08],[126.871,36.072],[126.866,36.061],[126.821,36.05],[126.806,36.034],[126.748,36.026],[126.736,36],[126.676,36.009],[126.666,36.005],[126.662,36.029],[126.669,36.031],[126.646,36.053]]]}},{"type":"Feature","properties":{"code":"KR-34350","name":"청양군","provinceCode":"KR-34","province":"충남","rarity":"RARE"},"geometry":{"type":"Polygon","coordinates":[[[126.85,36.571],[126.872,36.57],[126.899,36.56],[126.9,36.55],[126.89,36.541],[126.893,36.527],[126.884,36.513],[126.894,36.504],[126.893,36.479],[126.914,36.465],[126.915,36.456],[126.931,36.455],[126.956,36.469],[126.975,36.467],[127.003,36.456],[127.007,36.438],[127.02,36.439],[127.024,36.424],[127.015,36.418],[127.028,36.404],[126.992,36.374],[126.99,36.346],[126.982,36.338],[126.927,36.314],[126.912,36.327],[126.9,36.326],[126.9,36.332],[126.893,36.323],[126.862,36.321],[126.855,36.331],[126.86,36.343],[126.841,36.355],[126.845,36.364],[126.835,36.364],[126.832,36.375],[126.844,36.375],[126.849,36.387],[126.809,36.376],[126.794,36.352],[126.785,36.357],[126.766,36.353],[126.752,36.357],[126.748,36.366],[126.741,36.364],[126.735,36.379],[126.725,36.375],[126.711,36.388],[126.716,36.394],[126.709,36.402],[126.691,36.41],[126.692,36.429],[126.684,36.436],[126.689,36.446],[126.677,36.451],[126.672,36.462],[126.718,36.482],[126.737,36.472],[126.747,36.485],[126.743,36.49],[126.75,36.504],[126.766,36.512],[126.773,36.534],[126.805,36.527],[126.812,36.531],[126.825,36.529],[126.833,36.551],[126.85,36.571]]]}},{"type":"Feature","properties":{"code":"KR-34360","name":"홍성군","provinceCode":"KR-34","province":"충남","rarity":"RARE"},"geometry":{"type":"Polygon","coordinates":[[[126.725,36.667],[126.745,36.671],[126.736,36.648],[126.752,36.646],[126.75,36.635],[126.758,36.632],[126.761,36.618],[126.77,36.617],[126.772,36.606],[126.772,36.594],[126.748,36.58],[126.748,36.557],[126.737,36.55],[126.748,36.531],[126.759,36.527],[126.766,36.535],[126.773,36.534],[126.766,36.512],[126.75,36.504],[126.743,36.49],[126.747,36.485],[126.736,36.472],[126.718,36.482],[126.658,36.46],[126.653,36.467],[126.634,36.467],[126.632,36.476],[126.615,36.485],[126.619,36.495],[126.611,36.483],[126.599,36.479],[126.602,36.489],[126.593,36.507],[126.566,36.503],[126.559,36.524],[126.556,36.506],[126.502,36.532],[126.483,36.514],[126.486,36.529],[126.473,36.539],[126.477,36.536],[126.466,36.535],[126.464,36.548],[126.471,36.56],[126.464,36.583],[126.455,36.595],[126.441,36.6],[126.453,36.615],[126.453,36.626],[126.506,36.635],[126.511,36.631],[126.534,36.646],[126.546,36.64],[126.56,36.644],[126.58,36.655],[126.586,36.666],[126.596,36.652],[126.587,36.638],[126.586,36.618],[126.615,36.624],[126.623,36.609],[126.626,36.625],[126.62,36.637],[126.628,36.65],[126.65,36.649],[126.659,36.657],[126.708,36.663],[126.709,36.672],[126.725,36.667]]]}},{"type":"Feature","properties":{"code":"KR-34370","name":"예산군","provinceCode":"KR-34","province":"충남","rarity":"RARE"},"geometry":{"type":"Polygon","coordinates":[[[126.697,36.801],[126.728,36.796],[126.747,36.767],[126.772,36.749],[126.787,36.764],[126.801,36.766],[126.801,36.775],[126.81,36.77],[126.825,36.777],[126.814,36.786],[126.835,36.786],[126.831,36.762],[126.838,36.761],[126.839,36.753],[126.859,36.747],[126.867,36.729],[126.887,36.731],[126.897,36.724],[126.902,36.702],[126.95,36.704],[126.972,36.691],[126.957,36.672],[126.955,36.645],[126.936,36.623],[126.938,36.616],[126.927,36.601],[126.931,36.592],[126.91,36.567],[126.894,36.559],[126.872,36.57],[126.85,36.572],[126.833,36.551],[126.825,36.529],[126.812,36.531],[126.805,36.527],[126.769,36.536],[126.759,36.527],[126.747,36.532],[126.737,36.551],[126.748,36.557],[126.748,36.58],[126.772,36.594],[126.772,36.606],[126.77,36.617],[126.761,36.618],[126.758,36.632],[126.75,36.635],[126.752,36.646],[126.736,36.648],[126.745,36.671],[126.739,36.672],[126.725,36.667],[126.709,36.672],[126.708,36.663],[126.659,36.657],[126.65,36.649],[126.628,36.65],[126.62,36.637],[126.626,36.625],[126.623,36.609],[126.615,36.624],[126.586,36.618],[126.587,36.638],[126.596,36.652],[126.589,36.664],[126.598,36.675],[126.6,36.697],[126.61,36.704],[126.602,36.72],[126.609,36.733],[126.625,36.734],[126.633,36.741],[126.633,36.758],[126.653,36.751],[126.648,36.761],[126.654,36.775],[126.665,36.771],[126.669,36.781],[126.694,36.785],[126.697,36.801]]]}},{"type":"Feature","properties":{"code":"KR-34380","name":"태안군","provinceCode":"KR-34","province":"충남","rarity":"RARE"},"geometry":{"type":"MultiPolygon","coordinates":[[[[126.375,36.597],[126.375,36.579],[126.359,36.572],[126.375,36.565],[126.375,36.542],[126.387,36.524],[126.378,36.519],[126.394,36.515],[126.391,36.509],[126.402,36.505],[126.399,36.488],[126.41,36.492],[126.409,36.475],[126.417,36.465],[126.406,36.453],[126.432,36.437],[126.428,36.432],[126.435,36.42],[126.422,36.41],[126.427,36.399],[126.39,36.422],[126.38,36.421],[126.376,36.412],[126.362,36.416],[126.351,36.425],[126.358,36.439],[126.364,36.441],[126.33,36.441],[126.331,36.465],[126.324,36.468],[126.332,36.484],[126.33,36.5],[126.339,36.505],[126.328,36.512],[126.328,36.555],[126.314,36.571],[126.312,36.585],[126.323,36.583],[126.323,36.599],[126.359,36.612],[126.375,36.597]]],[[[126.152,36.736],[126.12,36.709],[126.134,36.748],[126.122,36.753],[126.122,36.764],[126.113,36.769],[126.112,36.773],[126.135,36.776],[126.131,36.787],[126.139,36.784],[126.146,36.791],[126.142,36.796],[126.15,36.804],[126.143,36.809],[126.154,36.811],[126.149,36.817],[126.156,36.817],[126.161,36.826],[126.145,36.838],[126.155,36.838],[126.149,36.846],[126.156,36.843],[126.159,36.849],[126.16,36.842],[126.171,36.841],[126.166,36.831],[126.175,36.825],[126.172,36.812],[126.184,36.813],[126.182,36.82],[126.188,36.825],[126.175,36.832],[126.199,36.856],[126.19,36.867],[126.184,36.867],[126.192,36.877],[126.178,36.886],[126.197,36.889],[126.203,36.905],[126.212,36.9],[126.248,36.914],[126.277,36.898],[126.292,36.901],[126.284,36.907],[126.294,36.929],[126.285,36.963],[126.286,36.97],[126.305,36.978],[126.304,36.968],[126.292,36.963],[126.31,36.956],[126.302,36.942],[126.31,36.93],[126.3,36.919],[126.319,36.903],[126.319,36.892],[126.331,36.891],[126.313,36.884],[126.304,36.86],[126.296,36.853],[126.293,36.843],[126.317,36.837],[126.315,36.833],[126.283,36.825],[126.281,36.818],[126.289,36.814],[126.291,36.798],[126.305,36.815],[126.318,36.814],[126.322,36.82],[126.335,36.815],[126.355,36.79],[126.348,36.778],[126.347,36.756],[126.337,36.743],[126.344,36.741],[126.346,36.731],[126.347,36.68],[126.36,36.625],[126.354,36.619],[126.335,36.619],[126.314,36.588],[126.307,36.595],[126.292,36.585],[126.283,36.594],[126.289,36.602],[126.283,36.622],[126.289,36.615],[126.298,36.62],[126.301,36.638],[126.284,36.672],[126.266,36.672],[126.261,36.694],[126.273,36.704],[126.271,36.727],[126.279,36.73],[126.27,36.73],[126.251,36.714],[126.235,36.718],[126.239,36.703],[126.231,36.695],[126.209,36.693],[126.196,36.674],[126.153,36.679],[126.147,36.703],[126.163,36.708],[126.16,36.711],[126.167,36.717],[126.199,36.705],[126.218,36.711],[126.223,36.72],[126.215,36.727],[126.204,36.722],[126.202,36.721],[126.199,36.722],[126.21,36.731],[126.211,36.741],[126.196,36.738],[126.183,36.747],[126.185,36.753],[126.172,36.757],[126.141,36.754],[126.15,36.748],[126.152,36.736]]]]}},{"type":"Feature","properties":{"code":"KR-35011","name":"전주시완산구","provinceCode":"KR-35","province":"전북","rarity":"COMMON"},"geometry":{"type":"Polygon","coordinates":[[[127.104,35.843],[127.127,35.832],[127.127,35.821],[127.133,35.818],[127.133,35.825],[127.157,35.829],[127.18,35.805],[127.2,35.811],[127.217,35.801],[127.201,35.786],[127.199,35.775],[127.187,35.779],[127.179,35.775],[127.162,35.783],[127.15,35.775],[127.146,35.76],[127.137,35.761],[127.116,35.749],[127.103,35.752],[127.085,35.729],[127.07,35.748],[127.05,35.756],[127.054,35.764],[127.074,35.776],[127.065,35.786],[127.065,35.825],[127.051,35.829],[127.059,35.838],[127.067,35.839],[127.071,35.825],[127.104,35.843]]]}},{"type":"Feature","properties":{"code":"KR-35012","name":"전주시덕진구","provinceCode":"KR-35","province":"전북","rarity":"COMMON"},"geometry":{"type":"Polygon","coordinates":[[[127.121,35.903],[127.145,35.896],[127.168,35.854],[127.197,35.86],[127.21,35.841],[127.21,35.826],[127.219,35.82],[127.234,35.822],[127.228,35.808],[127.217,35.802],[127.2,35.811],[127.18,35.805],[127.158,35.829],[127.147,35.831],[127.132,35.824],[127.133,35.818],[127.126,35.833],[127.104,35.843],[127.071,35.825],[127.067,35.839],[127.056,35.84],[127.05,35.852],[127.032,35.852],[127.027,35.868],[127.017,35.861],[127.006,35.866],[127.007,35.875],[126.998,35.884],[127.001,35.893],[127.028,35.898],[127.052,35.892],[127.062,35.9],[127.087,35.892],[127.121,35.903]]]}},{"type":"Feature","properties":{"code":"KR-35020","name":"군산시","provinceCode":"KR-35","province":"전북","rarity":"COMMON"},"geometry":{"type":"MultiPolygon","coordinates":[[[[126.487,35.816],[126.523,35.736],[126.523,35.731],[126.48,35.812],[126.487,35.816]]],[[[126.87,36.033],[126.901,36.008],[126.915,36.004],[126.903,35.972],[126.885,35.961],[126.894,35.955],[126.86,35.917],[126.843,35.918],[126.826,35.906],[126.79,35.896],[126.79,35.878],[126.757,35.88],[126.676,35.87],[126.675,35.889],[126.668,35.884],[126.641,35.884],[126.63,35.892],[126.629,35.887],[126.613,35.886],[126.611,35.917],[126.617,35.94],[126.588,35.948],[126.588,35.903],[126.581,35.903],[126.576,35.903],[126.588,35.903],[126.588,35.921],[126.572,35.92],[126.565,35.905],[126.57,35.917],[126.565,35.936],[126.534,35.934],[126.498,35.835],[126.473,35.811],[126.462,35.813],[126.465,35.819],[126.455,35.815],[126.454,35.806],[126.443,35.814],[126.45,35.816],[126.446,35.82],[126.453,35.818],[126.444,35.831],[126.475,35.822],[126.491,35.838],[126.486,35.846],[126.497,35.847],[126.533,35.937],[126.525,35.935],[126.53,35.944],[126.522,35.948],[126.521,35.972],[126.518,35.972],[126.513,35.975],[126.522,35.973],[126.523,35.966],[126.526,35.974],[126.613,35.979],[126.624,35.971],[126.622,35.978],[126.683,35.984],[126.706,35.995],[126.736,35.986],[126.747,35.992],[126.756,36.011],[126.742,36.012],[126.748,36.026],[126.806,36.034],[126.821,36.05],[126.865,36.061],[126.873,36.044],[126.87,36.033]]]]}},{"type":"Feature","properties":{"code":"KR-35030","name":"익산시","provinceCode":"KR-35","province":"전북","rarity":"COMMON"},"geometry":{"type":"Polygon","coordinates":[[[126.995,36.147],[127.015,36.149],[127.024,36.136],[127.04,36.138],[127.045,36.146],[127.045,36.135],[127.063,36.125],[127.057,36.115],[127.061,36.089],[127.09,36.072],[127.102,36.076],[127.14,36.057],[127.116,36.031],[127.125,36.005],[127.107,35.995],[127.106,35.959],[127.092,35.931],[127.067,35.916],[127.041,35.926],[127.029,35.917],[127.038,35.898],[127.001,35.893],[126.996,35.884],[126.997,35.891],[126.988,35.897],[126.962,35.902],[126.956,35.917],[126.952,35.909],[126.932,35.915],[126.911,35.903],[126.893,35.914],[126.857,35.907],[126.851,35.917],[126.879,35.935],[126.883,35.948],[126.894,35.955],[126.885,35.961],[126.903,35.972],[126.915,35.997],[126.915,36.004],[126.901,36.008],[126.87,36.033],[126.873,36.044],[126.865,36.056],[126.882,36.131],[126.895,36.142],[126.92,36.136],[126.957,36.157],[126.995,36.147]]]}},{"type":"Feature","properties":{"code":"KR-35040","name":"정읍시","provinceCode":"KR-35","province":"전북","rarity":"COMMON"},"geometry":{"type":"Polygon","coordinates":[[[126.873,35.759],[126.916,35.745],[126.936,35.72],[126.953,35.725],[126.981,35.715],[126.992,35.702],[126.992,35.689],[127.024,35.668],[127.056,35.669],[127.064,35.677],[127.082,35.668],[127.079,35.66],[127.09,35.653],[127.094,35.633],[127.09,35.615],[127.105,35.596],[127.103,35.59],[127.083,35.584],[127.092,35.567],[127.084,35.551],[127.116,35.537],[127.116,35.532],[127.105,35.533],[127.094,35.519],[127.096,35.514],[127.101,35.521],[127.11,35.519],[127.11,35.509],[127.083,35.507],[127.067,35.516],[127.054,35.509],[127.05,35.521],[127.023,35.536],[127.019,35.546],[126.993,35.537],[126.975,35.556],[126.951,35.538],[126.948,35.53],[126.931,35.525],[126.93,35.51],[126.942,35.491],[126.934,35.481],[126.889,35.478],[126.881,35.485],[126.86,35.48],[126.869,35.462],[126.84,35.462],[126.843,35.478],[126.823,35.487],[126.814,35.484],[126.814,35.469],[126.773,35.468],[126.764,35.493],[126.771,35.508],[126.76,35.514],[126.774,35.524],[126.761,35.533],[126.763,35.555],[126.769,35.561],[126.754,35.574],[126.737,35.568],[126.716,35.575],[126.718,35.583],[126.724,35.584],[126.72,35.63],[126.727,35.648],[126.738,35.65],[126.744,35.666],[126.763,35.662],[126.773,35.684],[126.787,35.675],[126.798,35.685],[126.806,35.676],[126.814,35.683],[126.827,35.68],[126.841,35.698],[126.826,35.712],[126.828,35.719],[126.848,35.728],[126.867,35.728],[126.882,35.741],[126.873,35.759]]]}},{"type":"Feature","properties":{"code":"KR-35050","name":"남원시","provinceCode":"KR-35","province":"전북","rarity":"COMMON"},"geometry":{"type":"Polygon","coordinates":[[[127.425,35.55],[127.44,35.552],[127.453,35.54],[127.456,35.547],[127.467,35.547],[127.492,35.534],[127.491,35.527],[127.513,35.509],[127.516,35.498],[127.527,35.496],[127.527,35.486],[127.514,35.48],[127.545,35.468],[127.562,35.474],[127.564,35.491],[127.58,35.502],[127.58,35.514],[127.568,35.525],[127.573,35.546],[127.59,35.554],[127.612,35.536],[127.629,35.536],[127.626,35.525],[127.65,35.498],[127.653,35.487],[127.637,35.478],[127.637,35.459],[127.645,35.449],[127.674,35.446],[127.665,35.436],[127.66,35.414],[127.636,35.399],[127.626,35.377],[127.61,35.366],[127.623,35.342],[127.621,35.333],[127.605,35.318],[127.577,35.309],[127.502,35.358],[127.471,35.365],[127.431,35.358],[127.385,35.302],[127.354,35.322],[127.309,35.304],[127.291,35.313],[127.257,35.312],[127.232,35.334],[127.22,35.334],[127.21,35.316],[127.188,35.323],[127.185,35.333],[127.195,35.339],[127.187,35.342],[127.188,35.349],[127.215,35.369],[127.226,35.399],[127.247,35.399],[127.26,35.427],[127.274,35.421],[127.292,35.426],[127.314,35.464],[127.307,35.484],[127.312,35.496],[127.334,35.492],[127.357,35.501],[127.354,35.513],[127.338,35.525],[127.35,35.535],[127.335,35.554],[127.35,35.552],[127.359,35.559],[127.38,35.547],[127.399,35.547],[127.41,35.561],[127.425,35.55]]]}},{"type":"Feature","properties":{"code":"KR-35060","name":"김제시","provinceCode":"KR-35","province":"전북","rarity":"COMMON"},"geometry":{"type":"Polygon","coordinates":[[[126.844,35.918],[126.861,35.906],[126.893,35.914],[126.91,35.903],[126.932,35.915],[126.952,35.909],[126.956,35.917],[126.962,35.902],[126.997,35.891],[126.994,35.884],[127.007,35.875],[127.01,35.847],[126.995,35.828],[126.998,35.815],[127.019,35.8],[127.064,35.792],[127.074,35.776],[127.05,35.756],[127.07,35.748],[127.087,35.726],[127.062,35.705],[127.069,35.69],[127.061,35.67],[127.024,35.668],[126.992,35.689],[126.992,35.702],[126.981,35.715],[126.953,35.725],[126.936,35.72],[126.916,35.745],[126.883,35.753],[126.88,35.759],[126.873,35.758],[126.882,35.741],[126.867,35.728],[126.843,35.727],[126.824,35.713],[126.813,35.716],[126.818,35.725],[126.805,35.726],[126.807,35.745],[126.799,35.743],[126.796,35.753],[126.783,35.752],[126.763,35.797],[126.698,35.813],[126.676,35.87],[126.757,35.88],[126.79,35.878],[126.79,35.896],[126.826,35.906],[126.844,35.918]]]}},{"type":"Feature","properties":{"code":"KR-35310","name":"완주군","provinceCode":"KR-35","province":"전북","rarity":"RARE"},"geometry":{"type":"MultiPolygon","coordinates":[[[[127.027,35.868],[127.034,35.85],[127.05,35.852],[127.059,35.838],[127.051,35.828],[127.065,35.825],[127.065,35.791],[127.019,35.8],[126.998,35.815],[126.995,35.828],[127.01,35.847],[127.006,35.866],[127.017,35.861],[127.027,35.868]]],[[[127.093,35.622],[127.09,35.653],[127.079,35.66],[127.082,35.668],[127.064,35.677],[127.069,35.693],[127.062,35.705],[127.087,35.725],[127.103,35.752],[127.116,35.749],[127.137,35.761],[127.146,35.76],[127.15,35.775],[127.162,35.783],[127.179,35.775],[127.187,35.779],[127.199,35.775],[127.201,35.786],[127.228,35.808],[127.234,35.822],[127.219,35.82],[127.21,35.826],[127.21,35.841],[127.197,35.86],[127.168,35.854],[127.137,35.902],[127.119,35.903],[127.087,35.892],[127.061,35.9],[127.05,35.892],[127.038,35.898],[127.029,35.917],[127.042,35.926],[127.067,35.916],[127.092,35.931],[127.106,35.959],[127.107,35.995],[127.125,36.005],[127.116,36.031],[127.14,36.057],[127.131,36.066],[127.138,36.087],[127.149,36.09],[127.169,36.084],[127.182,36.095],[127.198,36.086],[127.205,36.1],[127.212,36.101],[127.229,36.098],[127.249,36.083],[127.255,36.087],[127.246,36.101],[127.252,36.113],[127.275,36.107],[127.294,36.113],[127.302,36.125],[127.315,36.119],[127.323,36.131],[127.338,36.13],[127.355,36.108],[127.348,36.098],[127.36,36.089],[127.357,36.082],[127.364,36.066],[127.36,36.055],[127.378,36.031],[127.361,36.011],[127.364,35.991],[127.353,35.989],[127.343,35.979],[127.344,35.959],[127.353,35.95],[127.347,35.94],[127.354,35.913],[127.332,35.908],[127.333,35.873],[127.321,35.868],[127.325,35.857],[127.321,35.847],[127.311,35.841],[127.31,35.824],[127.297,35.817],[127.295,35.808],[127.303,35.801],[127.274,35.79],[127.275,35.782],[127.245,35.756],[127.256,35.733],[127.251,35.718],[127.26,35.693],[127.24,35.69],[127.236,35.703],[127.224,35.712],[127.208,35.711],[127.206,35.723],[127.177,35.738],[127.162,35.725],[127.139,35.719],[127.137,35.702],[127.125,35.691],[127.131,35.669],[127.127,35.659],[127.136,35.647],[127.132,35.64],[127.106,35.62],[127.093,35.622]]]]}},{"type":"Feature","properties":{"code":"KR-35320","name":"진안군","provinceCode":"KR-35","province":"전북","rarity":"RARE"},"geometry":{"type":"Polygon","coordinates":[[[127.435,36.014],[127.457,35.983],[127.468,35.988],[127.488,35.978],[127.499,35.987],[127.507,35.98],[127.524,35.986],[127.528,35.978],[127.537,35.978],[127.534,35.971],[127.555,35.947],[127.549,35.933],[127.554,35.923],[127.563,35.923],[127.585,35.898],[127.575,35.879],[127.581,35.877],[127.593,35.882],[127.597,35.881],[127.602,35.881],[127.603,35.88],[127.599,35.872],[127.625,35.847],[127.608,35.831],[127.601,35.807],[127.595,35.809],[127.579,35.794],[127.533,35.815],[127.52,35.811],[127.511,35.795],[127.511,35.778],[127.522,35.754],[127.476,35.718],[127.478,35.702],[127.465,35.693],[127.467,35.685],[127.46,35.673],[127.478,35.659],[127.466,35.638],[127.469,35.621],[127.454,35.619],[127.435,35.623],[127.428,35.642],[127.378,35.654],[127.378,35.664],[127.365,35.66],[127.356,35.669],[127.328,35.661],[127.318,35.677],[127.288,35.687],[127.294,35.699],[127.293,35.718],[127.265,35.765],[127.274,35.79],[127.303,35.801],[127.295,35.808],[127.297,35.817],[127.31,35.824],[127.311,35.841],[127.321,35.847],[127.325,35.857],[127.321,35.868],[127.333,35.873],[127.332,35.908],[127.354,35.913],[127.347,35.94],[127.353,35.95],[127.344,35.959],[127.342,35.977],[127.353,35.989],[127.364,35.991],[127.361,36.011],[127.365,36.018],[127.383,36.021],[127.401,36.009],[127.435,36.029],[127.435,36.014]]]}},{"type":"Feature","properties":{"code":"KR-35330","name":"무주군","provinceCode":"KR-35","province":"전북","rarity":"RARE"},"geometry":{"type":"Polygon","coordinates":[[[127.645,36.067],[127.661,36.038],[127.673,36.042],[127.67,36.051],[127.689,36.063],[127.702,36.035],[127.762,36.025],[127.759,36.015],[127.765,36.012],[127.788,36.015],[127.801,36.027],[127.853,36.039],[127.866,36.024],[127.877,36.023],[127.876,35.997],[127.894,35.986],[127.89,35.98],[127.896,35.978],[127.91,35.946],[127.882,35.929],[127.885,35.91],[127.86,35.906],[127.851,35.89],[127.854,35.881],[127.842,35.866],[127.827,35.868],[127.814,35.854],[127.804,35.859],[127.769,35.838],[127.758,35.837],[127.744,35.844],[127.731,35.815],[127.71,35.792],[127.693,35.792],[127.687,35.804],[127.664,35.818],[127.655,35.812],[127.634,35.819],[127.63,35.815],[127.621,35.824],[127.619,35.841],[127.625,35.847],[127.618,35.859],[127.599,35.872],[127.602,35.881],[127.575,35.879],[127.585,35.898],[127.563,35.923],[127.554,35.923],[127.549,35.933],[127.555,35.947],[127.534,35.971],[127.537,35.978],[127.528,35.978],[127.524,35.985],[127.536,35.995],[127.532,36.008],[127.54,36.012],[127.531,36.041],[127.566,36.031],[127.575,36.023],[127.59,36.026],[127.613,36.001],[127.619,36.008],[127.611,36.025],[127.64,36.032],[127.631,36.042],[127.619,36.039],[127.621,36.064],[127.645,36.067]]]}},{"type":"Feature","properties":{"code":"KR-35340","name":"장수군","provinceCode":"KR-35","province":"전북","rarity":"RARE"},"geometry":{"type":"Polygon","coordinates":[[[127.625,35.819],[127.655,35.812],[127.664,35.818],[127.7,35.788],[127.679,35.768],[127.67,35.771],[127.664,35.764],[127.661,35.71],[127.642,35.693],[127.64,35.673],[127.62,35.646],[127.635,35.618],[127.613,35.608],[127.607,35.595],[127.611,35.584],[127.573,35.546],[127.568,35.525],[127.58,35.514],[127.58,35.502],[127.564,35.491],[127.562,35.474],[127.545,35.468],[127.515,35.479],[127.527,35.486],[127.527,35.496],[127.516,35.498],[127.513,35.509],[127.491,35.527],[127.492,35.534],[127.468,35.546],[127.456,35.547],[127.453,35.54],[127.44,35.552],[127.424,35.55],[127.41,35.561],[127.399,35.553],[127.403,35.548],[127.384,35.546],[127.364,35.558],[127.363,35.567],[127.379,35.576],[127.372,35.587],[127.373,35.606],[127.382,35.613],[127.469,35.621],[127.466,35.638],[127.478,35.659],[127.46,35.675],[127.467,35.685],[127.465,35.693],[127.478,35.702],[127.476,35.718],[127.522,35.754],[127.513,35.771],[127.511,35.792],[127.521,35.812],[127.533,35.815],[127.579,35.794],[127.595,35.809],[127.601,35.807],[127.607,35.83],[127.618,35.839],[127.625,35.819]]]}},{"type":"Feature","properties":{"code":"KR-35350","name":"임실군","provinceCode":"KR-35","province":"전북","rarity":"RARE"},"geometry":{"type":"Polygon","coordinates":[[[127.271,35.778],[127.266,35.763],[127.293,35.718],[127.294,35.699],[127.288,35.687],[127.318,35.677],[127.328,35.661],[127.356,35.669],[127.365,35.66],[127.378,35.664],[127.378,35.654],[127.428,35.642],[127.436,35.622],[127.425,35.615],[127.382,35.613],[127.373,35.606],[127.372,35.587],[127.379,35.576],[127.363,35.567],[127.364,35.558],[127.35,35.552],[127.335,35.553],[127.35,35.539],[127.345,35.527],[127.338,35.526],[127.354,35.513],[127.353,35.497],[127.334,35.492],[127.314,35.497],[127.309,35.478],[127.284,35.479],[127.274,35.473],[127.245,35.484],[127.23,35.475],[127.217,35.489],[127.203,35.49],[127.176,35.473],[127.173,35.46],[127.144,35.462],[127.129,35.504],[127.11,35.509],[127.11,35.519],[127.095,35.516],[127.098,35.527],[127.117,35.535],[127.084,35.551],[127.092,35.567],[127.083,35.584],[127.103,35.59],[127.105,35.596],[127.091,35.613],[127.092,35.621],[127.106,35.62],[127.132,35.64],[127.136,35.647],[127.127,35.659],[127.131,35.669],[127.125,35.691],[127.137,35.702],[127.139,35.719],[127.162,35.725],[127.177,35.738],[127.206,35.723],[127.208,35.711],[127.224,35.712],[127.236,35.703],[127.24,35.69],[127.259,35.693],[127.251,35.718],[127.256,35.733],[127.245,35.756],[127.271,35.778]]]}},{"type":"Feature","properties":{"code":"KR-35360","name":"순창군","provinceCode":"KR-35","province":"전북","rarity":"RARE"},"geometry":{"type":"Polygon","coordinates":[[[126.869,35.462],[126.86,35.48],[126.881,35.485],[126.889,35.478],[126.913,35.477],[126.936,35.482],[126.942,35.491],[126.93,35.51],[126.931,35.525],[126.948,35.53],[126.951,35.538],[126.975,35.556],[126.993,35.537],[127.019,35.546],[127.023,35.536],[127.05,35.521],[127.054,35.509],[127.067,35.516],[127.083,35.507],[127.108,35.51],[127.129,35.504],[127.144,35.462],[127.173,35.46],[127.178,35.475],[127.196,35.488],[127.211,35.49],[127.23,35.475],[127.249,35.484],[127.271,35.473],[127.284,35.479],[127.309,35.478],[127.314,35.466],[127.291,35.426],[127.274,35.421],[127.26,35.427],[127.247,35.399],[127.226,35.399],[127.215,35.369],[127.188,35.349],[127.187,35.342],[127.195,35.339],[127.161,35.328],[127.145,35.309],[127.105,35.299],[127.043,35.322],[127.052,35.34],[127.07,35.34],[127.065,35.357],[127.071,35.365],[127.058,35.383],[127.049,35.377],[127.039,35.38],[127.027,35.395],[127.027,35.4],[127.047,35.402],[127.052,35.427],[127.037,35.434],[127.035,35.467],[127.014,35.458],[127,35.463],[126.995,35.44],[126.985,35.437],[126.982,35.427],[126.971,35.428],[126.976,35.4],[126.942,35.394],[126.931,35.399],[126.933,35.406],[126.917,35.402],[126.919,35.412],[126.903,35.421],[126.904,35.43],[126.898,35.433],[126.905,35.441],[126.869,35.462]]]}},{"type":"Feature","properties":{"code":"KR-35370","name":"고창군","provinceCode":"KR-35","province":"전북","rarity":"RARE"},"geometry":{"type":"Polygon","coordinates":[[[126.429,35.45],[126.439,35.45],[126.462,35.48],[126.485,35.522],[126.497,35.51],[126.494,35.516],[126.503,35.525],[126.526,35.535],[126.541,35.534],[126.544,35.527],[126.56,35.543],[126.595,35.541],[126.592,35.534],[126.595,35.53],[126.614,35.57],[126.648,35.572],[126.675,35.546],[126.664,35.566],[126.678,35.572],[126.705,35.575],[126.74,35.568],[126.754,35.574],[126.769,35.561],[126.763,35.555],[126.761,35.533],[126.774,35.524],[126.76,35.514],[126.771,35.508],[126.764,35.493],[126.773,35.468],[126.738,35.449],[126.752,35.436],[126.754,35.417],[126.722,35.4],[126.732,35.383],[126.723,35.367],[126.705,35.365],[126.699,35.35],[126.692,35.351],[126.686,35.344],[126.666,35.351],[126.653,35.328],[126.644,35.327],[126.645,35.32],[126.626,35.321],[126.604,35.336],[126.584,35.329],[126.581,35.317],[126.589,35.318],[126.585,35.301],[126.573,35.31],[126.551,35.314],[126.532,35.307],[126.514,35.327],[126.521,35.348],[126.513,35.362],[126.494,35.35],[126.497,35.373],[126.477,35.386],[126.491,35.395],[126.492,35.411],[126.476,35.429],[126.464,35.425],[126.45,35.428],[126.446,35.435],[126.43,35.433],[126.437,35.449],[126.429,35.45]]]}},{"type":"Feature","properties":{"code":"KR-35380","name":"부안군","provinceCode":"KR-35","province":"전북","rarity":"RARE"},"geometry":{"type":"MultiPolygon","coordinates":[[[[126.304,35.622],[126.316,35.611],[126.304,35.596],[126.265,35.576],[126.267,35.567],[126.256,35.574],[126.248,35.587],[126.271,35.59],[126.257,35.594],[126.273,35.599],[126.271,35.609],[126.282,35.606],[126.275,35.617],[126.294,35.604],[126.297,35.612],[126.304,35.613],[126.304,35.622]]],[[[126.698,35.813],[126.763,35.797],[126.783,35.752],[126.796,35.753],[126.799,35.743],[126.807,35.745],[126.805,35.726],[126.818,35.725],[126.813,35.716],[126.827,35.716],[126.841,35.698],[126.827,35.68],[126.814,35.683],[126.806,35.676],[126.798,35.685],[126.787,35.675],[126.773,35.684],[126.763,35.662],[126.744,35.666],[126.738,35.65],[126.727,35.648],[126.72,35.63],[126.724,35.584],[126.716,35.581],[126.718,35.573],[126.673,35.57],[126.658,35.587],[126.651,35.581],[126.594,35.59],[126.529,35.579],[126.517,35.581],[126.515,35.588],[126.509,35.579],[126.492,35.586],[126.478,35.602],[126.466,35.599],[126.467,35.606],[126.46,35.61],[126.463,35.619],[126.47,35.619],[126.464,35.623],[126.469,35.631],[126.467,35.635],[126.462,35.633],[126.458,35.638],[126.481,35.645],[126.521,35.676],[126.526,35.675],[126.533,35.69],[126.556,35.698],[126.524,35.733],[126.569,35.686],[126.569,35.693],[126.629,35.749],[126.627,35.781],[126.621,35.787],[126.631,35.799],[126.653,35.792],[126.706,35.796],[126.698,35.813]]]]}},{"type":"Feature","properties":{"code":"KR-36010","name":"목포시","provinceCode":"KR-36","province":"전남","rarity":"COMMON"},"geometry":{"type":"MultiPolygon","coordinates":[[[[126.355,34.785],[126.376,34.771],[126.373,34.759],[126.359,34.752],[126.36,34.745],[126.35,34.751],[126.352,34.766],[126.359,34.766],[126.353,34.772],[126.359,34.771],[126.355,34.785]]],[[[126.329,34.782],[126.319,34.759],[126.307,34.764],[126.309,34.782],[126.321,34.788],[126.329,34.782]]],[[[126.418,34.844],[126.438,34.836],[126.438,34.821],[126.455,34.817],[126.458,34.793],[126.445,34.791],[126.441,34.799],[126.388,34.781],[126.392,34.788],[126.382,34.779],[126.369,34.781],[126.366,34.789],[126.35,34.796],[126.365,34.804],[126.36,34.805],[126.388,34.837],[126.418,34.844]]]]}},{"type":"Feature","properties":{"code":"KR-36020","name":"여수시","provinceCode":"KR-36","province":"전남","rarity":"COMMON"},"geometry":{"type":"MultiPolygon","coordinates":[[[[127.306,34.063],[127.323,34.057],[127.334,34.034],[127.315,34.04],[127.31,34.033],[127.314,34.045],[127.303,34.058],[127.306,34.063]]],[[[127.299,34.057],[127.292,34.049],[127.297,34.032],[127.305,34.029],[127.305,34.019],[127.324,34.015],[127.323,34.006],[127.317,34.013],[127.295,34.014],[127.289,34.033],[127.281,34.035],[127.282,34.051],[127.275,34.053],[127.286,34.059],[127.295,34.055],[127.293,34.063],[127.299,34.057]]],[[[127.256,34.251],[127.263,34.227],[127.25,34.222],[127.258,34.219],[127.259,34.212],[127.241,34.219],[127.226,34.213],[127.234,34.237],[127.246,34.24],[127.243,34.248],[127.256,34.251]]],[[[127.802,34.451],[127.817,34.452],[127.804,34.429],[127.809,34.425],[127.805,34.409],[127.786,34.418],[127.801,34.431],[127.785,34.43],[127.798,34.444],[127.795,34.457],[127.805,34.461],[127.802,34.451]]],[[[127.827,34.497],[127.813,34.492],[127.825,34.485],[127.822,34.476],[127.81,34.475],[127.805,34.483],[127.804,34.471],[127.796,34.473],[127.798,34.491],[127.804,34.486],[127.811,34.498],[127.827,34.497]]],[[[127.762,34.535],[127.782,34.512],[127.767,34.51],[127.786,34.508],[127.792,34.497],[127.799,34.496],[127.79,34.487],[127.763,34.491],[127.769,34.492],[127.773,34.5],[127.767,34.496],[127.754,34.499],[127.754,34.505],[127.735,34.503],[127.741,34.51],[127.726,34.516],[127.732,34.527],[127.72,34.523],[127.696,34.539],[127.712,34.538],[127.74,34.553],[127.758,34.551],[127.762,34.535]]],[[[127.657,34.586],[127.671,34.572],[127.684,34.571],[127.691,34.577],[127.705,34.565],[127.687,34.561],[127.688,34.571],[127.68,34.569],[127.674,34.556],[127.669,34.561],[127.659,34.553],[127.642,34.57],[127.638,34.557],[127.639,34.575],[127.657,34.586]]],[[[127.535,34.598],[127.54,34.599],[127.54,34.608],[127.526,34.602],[127.522,34.615],[127.541,34.612],[127.546,34.618],[127.564,34.614],[127.565,34.604],[127.551,34.602],[127.55,34.596],[127.535,34.598]]],[[[127.786,34.712],[127.789,34.699],[127.776,34.702],[127.779,34.712],[127.774,34.704],[127.771,34.711],[127.764,34.71],[127.771,34.702],[127.759,34.704],[127.766,34.694],[127.779,34.697],[127.782,34.689],[127.776,34.681],[127.783,34.672],[127.801,34.668],[127.795,34.661],[127.807,34.661],[127.794,34.644],[127.8,34.63],[127.792,34.63],[127.788,34.607],[127.808,34.597],[127.804,34.588],[127.79,34.585],[127.749,34.593],[127.738,34.611],[127.719,34.614],[127.712,34.621],[127.725,34.638],[127.712,34.643],[127.763,34.688],[127.754,34.698],[127.756,34.708],[127.737,34.731],[127.756,34.731],[127.786,34.712]]],[[[127.613,34.892],[127.59,34.877],[127.592,34.871],[127.604,34.854],[127.61,34.858],[127.612,34.858],[127.604,34.854],[127.61,34.85],[127.613,34.854],[127.623,34.844],[127.636,34.846],[127.636,34.839],[127.627,34.841],[127.627,34.835],[127.636,34.828],[127.662,34.845],[127.67,34.837],[127.695,34.865],[127.699,34.859],[127.728,34.862],[127.743,34.851],[127.74,34.861],[127.764,34.863],[127.776,34.856],[127.775,34.837],[127.768,34.831],[127.768,34.823],[127.774,34.822],[127.767,34.818],[127.769,34.803],[127.759,34.801],[127.757,34.787],[127.745,34.777],[127.757,34.752],[127.753,34.754],[127.748,34.748],[127.757,34.743],[127.755,34.739],[127.733,34.739],[127.732,34.729],[127.698,34.721],[127.696,34.727],[127.682,34.732],[127.674,34.746],[127.664,34.75],[127.663,34.757],[127.64,34.724],[127.643,34.706],[127.626,34.712],[127.625,34.718],[127.622,34.708],[127.614,34.707],[127.628,34.696],[127.623,34.687],[127.639,34.683],[127.617,34.683],[127.633,34.67],[127.63,34.649],[127.643,34.65],[127.633,34.646],[127.64,34.644],[127.633,34.636],[127.646,34.629],[127.637,34.626],[127.634,34.633],[127.624,34.63],[127.615,34.643],[127.588,34.652],[127.575,34.648],[127.581,34.631],[127.565,34.655],[127.554,34.659],[127.553,34.669],[127.564,34.675],[127.55,34.682],[127.553,34.694],[127.56,34.7],[127.581,34.694],[127.572,34.704],[127.564,34.701],[127.563,34.709],[127.553,34.701],[127.557,34.714],[127.549,34.713],[127.564,34.724],[127.561,34.732],[127.576,34.731],[127.584,34.74],[127.582,34.745],[127.594,34.748],[127.586,34.751],[127.59,34.757],[127.585,34.767],[127.572,34.76],[127.572,34.774],[127.56,34.777],[127.571,34.783],[127.559,34.796],[127.557,34.807],[127.523,34.81],[127.55,34.855],[127.551,34.864],[127.535,34.878],[127.538,34.883],[127.549,34.889],[127.592,34.883],[127.587,34.888],[127.6,34.899],[127.613,34.892]]],[[[127.71,34.898],[127.744,34.892],[127.751,34.878],[127.72,34.868],[127.701,34.871],[127.692,34.883],[127.71,34.898]]]]}},{"type":"Feature","properties":{"code":"KR-36030","name":"순천시","provinceCode":"KR-36","province":"전남","rarity":"COMMON"},"geometry":{"type":"Polygon","coordinates":[[[127.579,34.919],[127.59,34.917],[127.595,34.897],[127.587,34.888],[127.592,34.883],[127.549,34.889],[127.538,34.883],[127.541,34.868],[127.551,34.863],[127.538,34.841],[127.523,34.85],[127.518,34.879],[127.513,34.873],[127.49,34.874],[127.494,34.863],[127.486,34.842],[127.467,34.845],[127.44,34.836],[127.439,34.846],[127.433,34.836],[127.42,34.832],[127.404,34.843],[127.381,34.843],[127.367,34.868],[127.339,34.868],[127.336,34.89],[127.325,34.883],[127.307,34.903],[127.292,34.902],[127.274,34.89],[127.263,34.892],[127.252,34.884],[127.243,34.887],[127.225,34.899],[127.232,34.918],[127.24,34.921],[127.224,34.94],[127.221,34.955],[127.204,34.967],[127.209,34.973],[127.2,34.986],[127.189,34.981],[127.189,34.968],[127.175,34.978],[127.178,35.006],[127.188,35.012],[127.184,35.049],[127.192,35.064],[127.186,35.069],[127.182,35.095],[127.19,35.11],[127.188,35.123],[127.192,35.13],[127.215,35.133],[127.219,35.118],[127.232,35.115],[127.242,35.102],[127.246,35.11],[127.26,35.097],[127.261,35.082],[127.279,35.091],[127.282,35.085],[127.292,35.086],[127.3,35.076],[127.323,35.069],[127.336,35.078],[127.337,35.092],[127.345,35.098],[127.376,35.101],[127.387,35.126],[127.41,35.146],[127.41,35.188],[127.421,35.187],[127.481,35.152],[127.498,35.134],[127.496,35.128],[127.519,35.126],[127.532,35.113],[127.535,35.105],[127.526,35.066],[127.537,35.05],[127.557,35.036],[127.558,35.016],[127.568,35.002],[127.55,34.987],[127.557,34.978],[127.546,34.971],[127.548,34.96],[127.559,34.953],[127.558,34.946],[127.578,34.941],[127.579,34.919]]]}},{"type":"Feature","properties":{"code":"KR-36040","name":"나주시","provinceCode":"KR-36","province":"전남","rarity":"COMMON"},"geometry":{"type":"Polygon","coordinates":[[[126.657,35.113],[126.665,35.114],[126.669,35.105],[126.685,35.112],[126.728,35.107],[126.733,35.113],[126.762,35.091],[126.771,35.07],[126.753,35.065],[126.757,35.058],[126.766,35.064],[126.773,35.053],[126.795,35.061],[126.805,35.052],[126.818,35.053],[126.822,35.06],[126.844,35.065],[126.856,35.078],[126.892,35.078],[126.899,35.054],[126.882,35.032],[126.882,35.021],[126.868,35.01],[126.895,34.993],[126.877,34.967],[126.882,34.96],[126.878,34.95],[126.867,34.94],[126.876,34.904],[126.871,34.891],[126.844,34.884],[126.824,34.871],[126.811,34.874],[126.806,34.868],[126.766,34.9],[126.744,34.898],[126.726,34.889],[126.712,34.907],[126.716,34.918],[126.699,34.94],[126.676,34.946],[126.662,34.934],[126.677,34.917],[126.673,34.911],[126.682,34.894],[126.675,34.893],[126.675,34.882],[126.661,34.894],[126.631,34.889],[126.629,34.899],[126.635,34.898],[126.635,34.906],[126.629,34.921],[126.612,34.923],[126.605,34.93],[126.603,34.923],[126.594,34.925],[126.596,34.915],[126.581,34.92],[126.575,34.915],[126.58,34.896],[126.572,34.892],[126.568,34.875],[126.556,34.87],[126.514,34.924],[126.525,34.929],[126.536,34.918],[126.542,34.92],[126.529,34.95],[126.546,34.983],[126.56,34.989],[126.574,34.974],[126.599,34.997],[126.592,34.996],[126.599,35.012],[126.586,35.015],[126.595,35.028],[126.588,35.055],[126.595,35.098],[126.605,35.099],[126.623,35.087],[126.646,35.098],[126.657,35.113]]]}},{"type":"Feature","properties":{"code":"KR-36060","name":"광양시","provinceCode":"KR-36","province":"전남","rarity":"COMMON"},"geometry":{"type":"MultiPolygon","coordinates":[[[[127.74,34.946],[127.738,34.932],[127.765,34.932],[127.784,34.916],[127.784,34.887],[127.763,34.892],[127.762,34.902],[127.742,34.906],[127.76,34.903],[127.761,34.908],[127.737,34.906],[127.705,34.913],[127.704,34.929],[127.715,34.933],[127.724,34.947],[127.732,34.952],[127.74,34.946]],[[127.768,34.912],[127.767,34.896],[127.782,34.896],[127.781,34.913],[127.768,34.912]]],[[[127.627,35.182],[127.689,35.135],[127.695,35.105],[127.716,35.083],[127.736,35.074],[127.743,35.061],[127.765,35.054],[127.787,35.011],[127.78,34.989],[127.753,34.962],[127.768,34.954],[127.769,34.934],[127.745,34.935],[127.74,34.949],[127.754,34.958],[127.752,34.962],[127.731,34.955],[127.701,34.932],[127.696,34.919],[127.672,34.931],[127.663,34.912],[127.671,34.903],[127.639,34.884],[127.624,34.902],[127.656,34.909],[127.623,34.905],[127.617,34.916],[127.599,34.926],[127.578,34.919],[127.578,34.941],[127.566,34.941],[127.548,34.959],[127.546,34.971],[127.557,34.978],[127.55,34.987],[127.567,35.004],[127.558,35.016],[127.557,35.036],[127.537,35.05],[127.526,35.072],[127.534,35.106],[127.559,35.095],[127.564,35.108],[127.584,35.119],[127.604,35.119],[127.604,35.149],[127.621,35.181],[127.627,35.182]]]]}},{"type":"Feature","properties":{"code":"KR-36310","name":"담양군","provinceCode":"KR-36","province":"전남","rarity":"RARE"},"geometry":{"type":"Polygon","coordinates":[[[127.035,35.465],[127.037,35.434],[127.052,35.427],[127.047,35.402],[127.027,35.4],[127.027,35.395],[127.039,35.38],[127.049,35.377],[127.058,35.383],[127.071,35.365],[127.065,35.357],[127.07,35.34],[127.052,35.34],[127.043,35.322],[127.097,35.302],[127.091,35.282],[127.099,35.267],[127.081,35.248],[127.106,35.199],[127.118,35.195],[127.086,35.181],[127.066,35.184],[127.073,35.153],[127.082,35.147],[127.089,35.13],[127.071,35.116],[127.019,35.139],[127.009,35.134],[127.01,35.164],[127.021,35.167],[127.021,35.173],[127,35.189],[126.968,35.181],[126.959,35.193],[126.966,35.203],[126.95,35.216],[126.952,35.225],[126.933,35.242],[126.931,35.251],[126.905,35.258],[126.89,35.247],[126.879,35.248],[126.854,35.294],[126.861,35.301],[126.861,35.321],[126.888,35.326],[126.876,35.342],[126.884,35.362],[126.896,35.366],[126.915,35.387],[126.924,35.38],[126.926,35.397],[126.92,35.403],[126.933,35.406],[126.93,35.4],[126.935,35.395],[126.976,35.4],[126.971,35.428],[126.982,35.427],[126.985,35.437],[126.995,35.44],[127,35.463],[127.014,35.458],[127.035,35.465]]]}},{"type":"Feature","properties":{"code":"KR-36320","name":"곡성군","provinceCode":"KR-36","province":"전남","rarity":"RARE"},"geometry":{"type":"Polygon","coordinates":[[[127.186,35.337],[127.188,35.323],[127.208,35.315],[127.22,35.335],[127.232,35.334],[127.257,35.312],[127.291,35.313],[127.307,35.305],[127.354,35.322],[127.387,35.3],[127.38,35.284],[127.389,35.279],[127.403,35.241],[127.367,35.225],[127.375,35.216],[127.377,35.193],[127.41,35.188],[127.412,35.157],[127.41,35.145],[127.387,35.126],[127.376,35.101],[127.345,35.098],[127.337,35.092],[127.336,35.078],[127.323,35.069],[127.3,35.076],[127.292,35.086],[127.282,35.085],[127.279,35.091],[127.261,35.082],[127.26,35.096],[127.246,35.11],[127.242,35.102],[127.232,35.115],[127.219,35.118],[127.215,35.133],[127.198,35.132],[127.197,35.157],[127.189,35.165],[127.201,35.187],[127.186,35.214],[127.145,35.194],[127.106,35.199],[127.081,35.248],[127.099,35.267],[127.092,35.278],[127.095,35.299],[127.145,35.309],[127.168,35.332],[127.186,35.337]]]}},{"type":"Feature","properties":{"code":"KR-36330","name":"구례군","provinceCode":"KR-36","province":"전남","rarity":"RARE"},"geometry":{"type":"Polygon","coordinates":[[[127.441,35.364],[127.502,35.358],[127.542,35.329],[127.568,35.319],[127.596,35.268],[127.61,35.262],[127.615,35.25],[127.613,35.242],[127.621,35.225],[127.618,35.191],[127.625,35.183],[127.607,35.161],[127.604,35.119],[127.584,35.119],[127.564,35.108],[127.559,35.095],[127.535,35.105],[127.519,35.126],[127.496,35.128],[127.498,35.134],[127.467,35.161],[127.417,35.189],[127.38,35.191],[127.372,35.206],[127.375,35.216],[127.368,35.228],[127.377,35.225],[127.403,35.241],[127.389,35.279],[127.38,35.282],[127.385,35.302],[127.431,35.358],[127.441,35.364]]]}},{"type":"Feature","properties":{"code":"KR-36350","name":"고흥군","provinceCode":"KR-36","province":"전남","rarity":"RARE"},"geometry":{"type":"MultiPolygon","coordinates":[[[[127.479,34.464],[127.49,34.466],[127.483,34.46],[127.494,34.459],[127.498,34.467],[127.505,34.464],[127.505,34.473],[127.521,34.454],[127.537,34.448],[127.538,34.431],[127.53,34.422],[127.52,34.427],[127.487,34.413],[127.493,34.431],[127.483,34.437],[127.475,34.433],[127.463,34.444],[127.482,34.442],[127.485,34.448],[127.471,34.453],[127.45,34.449],[127.458,34.453],[127.455,34.476],[127.479,34.464]]],[[[127.217,34.495],[127.235,34.476],[127.218,34.437],[127.209,34.429],[127.167,34.435],[127.158,34.427],[127.154,34.431],[127.144,34.429],[127.141,34.42],[127.116,34.439],[127.116,34.448],[127.099,34.443],[127.106,34.455],[127.093,34.471],[127.105,34.47],[127.117,34.48],[127.111,34.485],[127.121,34.49],[127.128,34.478],[127.142,34.473],[127.149,34.48],[127.163,34.48],[127.189,34.494],[127.199,34.488],[127.217,34.495]]],[[[127.453,34.544],[127.479,34.536],[127.459,34.526],[127.471,34.523],[127.476,34.515],[127.458,34.514],[127.485,34.505],[127.491,34.508],[127.506,34.492],[127.493,34.484],[127.489,34.49],[127.484,34.484],[127.47,34.487],[127.453,34.479],[127.441,34.493],[127.458,34.502],[127.452,34.507],[127.456,34.511],[127.434,34.52],[127.453,34.544]]],[[[127.285,34.667],[127.314,34.664],[127.32,34.67],[127.319,34.681],[127.332,34.706],[127.345,34.71],[127.343,34.716],[127.333,34.715],[127.327,34.752],[127.304,34.75],[127.293,34.731],[127.272,34.742],[127.262,34.732],[127.241,34.76],[127.24,34.77],[127.249,34.79],[127.267,34.787],[127.291,34.811],[127.319,34.811],[127.33,34.824],[127.353,34.825],[127.387,34.798],[127.385,34.792],[127.393,34.784],[127.387,34.784],[127.386,34.775],[127.393,34.776],[127.403,34.767],[127.397,34.757],[127.38,34.751],[127.373,34.742],[127.379,34.727],[127.393,34.719],[127.391,34.711],[127.407,34.704],[127.403,34.701],[127.423,34.691],[127.433,34.68],[127.428,34.674],[127.44,34.677],[127.449,34.672],[127.445,34.662],[127.457,34.668],[127.47,34.665],[127.474,34.654],[127.49,34.649],[127.49,34.642],[127.477,34.649],[127.473,34.641],[127.464,34.649],[127.458,34.647],[127.474,34.635],[127.496,34.632],[127.497,34.615],[127.508,34.593],[127.497,34.59],[127.487,34.574],[127.462,34.581],[127.458,34.592],[127.453,34.588],[127.457,34.584],[127.445,34.577],[127.433,34.589],[127.42,34.583],[127.411,34.59],[127.395,34.587],[127.399,34.576],[127.409,34.579],[127.396,34.56],[127.423,34.557],[127.417,34.553],[127.42,34.551],[127.431,34.556],[127.427,34.549],[127.438,34.549],[127.427,34.542],[127.436,34.537],[127.428,34.537],[127.423,34.529],[127.431,34.52],[127.422,34.518],[127.431,34.514],[127.414,34.521],[127.404,34.515],[127.405,34.506],[127.389,34.51],[127.376,34.504],[127.391,34.489],[127.387,34.483],[127.378,34.488],[127.371,34.48],[127.359,34.492],[127.349,34.478],[127.34,34.488],[127.341,34.481],[127.325,34.477],[127.337,34.468],[127.333,34.464],[127.324,34.47],[127.318,34.463],[127.339,34.455],[127.338,34.446],[127.328,34.442],[127.305,34.45],[127.316,34.454],[127.31,34.462],[127.302,34.458],[127.301,34.471],[127.268,34.483],[127.274,34.492],[127.283,34.491],[127.279,34.495],[127.283,34.497],[127.255,34.521],[127.244,34.522],[127.244,34.515],[127.25,34.515],[127.243,34.515],[127.232,34.518],[127.234,34.525],[127.221,34.535],[127.215,34.525],[127.209,34.527],[127.209,34.517],[127.195,34.532],[127.178,34.531],[127.172,34.519],[127.167,34.526],[127.146,34.521],[127.122,34.53],[127.122,34.541],[127.113,34.547],[127.114,34.56],[127.136,34.574],[127.133,34.578],[127.144,34.584],[127.149,34.6],[127.159,34.591],[127.171,34.594],[127.173,34.627],[127.196,34.651],[127.228,34.655],[127.233,34.68],[127.243,34.683],[127.237,34.693],[127.251,34.712],[127.281,34.718],[127.28,34.699],[127.287,34.696],[127.278,34.675],[127.285,34.667]]]]}},{"type":"Feature","properties":{"code":"KR-36360","name":"보성군","provinceCode":"KR-36","province":"전남","rarity":"RARE"},"geometry":{"type":"Polygon","coordinates":[[[127.395,34.79],[127.386,34.79],[127.38,34.805],[127.342,34.828],[127.328,34.822],[127.319,34.811],[127.291,34.811],[127.267,34.787],[127.249,34.79],[127.241,34.76],[127.229,34.758],[127.209,34.738],[127.206,34.719],[127.185,34.695],[127.143,34.693],[127.135,34.702],[127.124,34.701],[127.107,34.677],[127.067,34.663],[127.063,34.651],[127.046,34.635],[127.042,34.654],[127.03,34.662],[127.021,34.681],[126.979,34.683],[126.972,34.706],[127.015,34.737],[127.02,34.749],[127.012,34.771],[127.024,34.776],[127.016,34.788],[127.022,34.822],[127.031,34.824],[127.033,34.837],[127.061,34.847],[127.066,34.863],[127.09,34.873],[127.08,34.905],[127.082,34.925],[127.09,34.936],[127.105,34.942],[127.128,34.968],[127.145,34.963],[127.176,34.978],[127.189,34.968],[127.189,34.981],[127.198,34.987],[127.209,34.973],[127.204,34.967],[127.221,34.955],[127.224,34.94],[127.24,34.921],[127.232,34.918],[127.227,34.895],[127.252,34.884],[127.263,34.892],[127.274,34.89],[127.292,34.902],[127.307,34.903],[127.325,34.883],[127.336,34.89],[127.339,34.868],[127.367,34.868],[127.381,34.843],[127.404,34.843],[127.416,34.834],[127.418,34.829],[127.396,34.825],[127.384,34.836],[127.354,34.839],[127.383,34.827],[127.392,34.815],[127.426,34.815],[127.395,34.797],[127.395,34.79]]]}},{"type":"Feature","properties":{"code":"KR-36370","name":"화순군","provinceCode":"KR-36","province":"전남","rarity":"RARE"},"geometry":{"type":"Polygon","coordinates":[[[127.184,35.214],[127.201,35.186],[127.189,35.165],[127.197,35.157],[127.198,35.132],[127.188,35.123],[127.19,35.11],[127.182,35.095],[127.186,35.069],[127.192,35.064],[127.184,35.049],[127.188,35.012],[127.178,35.006],[127.175,34.989],[127.179,34.985],[127.173,34.973],[127.153,34.965],[127.126,34.968],[127.115,34.958],[127.117,34.952],[127.101,34.938],[127.09,34.936],[127.082,34.926],[127.08,34.905],[127.09,34.873],[127.063,34.861],[127.061,34.847],[127.044,34.839],[127.008,34.841],[126.997,34.836],[126.979,34.851],[126.969,34.851],[126.962,34.84],[126.95,34.84],[126.95,34.828],[126.941,34.824],[126.921,34.836],[126.921,34.845],[126.906,34.846],[126.91,34.858],[126.899,34.873],[126.877,34.878],[126.858,34.869],[126.824,34.871],[126.844,34.884],[126.871,34.891],[126.876,34.899],[126.867,34.94],[126.878,34.95],[126.882,34.96],[126.877,34.967],[126.895,34.993],[126.868,35.01],[126.882,35.021],[126.882,35.032],[126.899,35.054],[126.894,35.08],[126.921,35.092],[126.932,35.074],[126.953,35.073],[126.963,35.087],[126.989,35.095],[126.986,35.106],[127.011,35.124],[127.009,35.134],[127.019,35.139],[127.071,35.116],[127.08,35.12],[127.089,35.13],[127.068,35.165],[127.066,35.184],[127.086,35.181],[127.122,35.198],[127.145,35.194],[127.184,35.214]]]}},{"type":"Feature","properties":{"code":"KR-36380","name":"장흥군","provinceCode":"KR-36","province":"전남","rarity":"RARE"},"geometry":{"type":"Polygon","coordinates":[[[126.891,34.456],[126.871,34.455],[126.887,34.433],[126.885,34.422],[126.875,34.436],[126.868,34.439],[126.865,34.434],[126.845,34.451],[126.854,34.474],[126.85,34.495],[126.84,34.511],[126.849,34.512],[126.858,34.528],[126.886,34.544],[126.876,34.551],[126.879,34.576],[126.87,34.583],[126.868,34.595],[126.856,34.6],[126.849,34.618],[126.858,34.624],[126.874,34.62],[126.88,34.626],[126.872,34.634],[126.875,34.645],[126.866,34.66],[126.868,34.669],[126.856,34.679],[126.849,34.723],[126.825,34.744],[126.814,34.768],[126.817,34.776],[126.799,34.777],[126.793,34.794],[126.807,34.828],[126.845,34.841],[126.861,34.872],[126.877,34.878],[126.899,34.873],[126.91,34.858],[126.906,34.846],[126.921,34.845],[126.921,34.836],[126.941,34.824],[126.95,34.828],[126.95,34.84],[126.962,34.84],[126.969,34.851],[126.979,34.851],[126.993,34.836],[127.008,34.841],[127.037,34.838],[127.031,34.834],[127.031,34.824],[127.022,34.822],[127.016,34.788],[127.024,34.776],[127.012,34.771],[127.02,34.749],[127.015,34.737],[126.972,34.707],[126.979,34.683],[127.021,34.681],[127.046,34.644],[127.046,34.635],[127.014,34.625],[126.967,34.625],[126.957,34.631],[126.967,34.623],[126.994,34.623],[126.994,34.615],[127.009,34.608],[126.997,34.604],[126.993,34.583],[126.979,34.574],[126.998,34.566],[127.003,34.57],[127.007,34.57],[127.003,34.555],[126.998,34.562],[126.989,34.562],[126.989,34.54],[126.975,34.51],[126.968,34.509],[126.964,34.498],[126.97,34.498],[126.964,34.497],[126.977,34.488],[126.979,34.471],[126.968,34.478],[126.963,34.468],[126.956,34.468],[126.944,34.483],[126.938,34.476],[126.947,34.457],[126.939,34.447],[126.925,34.453],[126.891,34.456]]]}},{"type":"Feature","properties":{"code":"KR-36390","name":"강진군","provinceCode":"KR-36","province":"전남","rarity":"RARE"},"geometry":{"type":"Polygon","coordinates":[[[126.797,34.547],[126.79,34.561],[126.795,34.568],[126.786,34.577],[126.789,34.586],[126.778,34.595],[126.782,34.598],[126.779,34.613],[126.765,34.563],[126.764,34.533],[126.769,34.527],[126.758,34.526],[126.766,34.499],[126.759,34.491],[126.739,34.486],[126.755,34.472],[126.748,34.472],[126.735,34.456],[126.717,34.471],[126.682,34.471],[126.689,34.511],[126.68,34.516],[126.686,34.525],[126.667,34.539],[126.684,34.545],[126.695,34.564],[126.672,34.592],[126.701,34.63],[126.683,34.632],[126.697,34.65],[126.693,34.658],[126.702,34.662],[126.699,34.673],[126.706,34.682],[126.67,34.691],[126.672,34.707],[126.681,34.718],[126.665,34.722],[126.657,34.733],[126.704,34.767],[126.714,34.76],[126.747,34.758],[126.762,34.771],[126.767,34.783],[126.778,34.786],[126.784,34.781],[126.817,34.776],[126.814,34.768],[126.825,34.744],[126.849,34.723],[126.856,34.679],[126.868,34.669],[126.866,34.66],[126.875,34.645],[126.872,34.634],[126.88,34.626],[126.874,34.62],[126.858,34.624],[126.849,34.618],[126.856,34.6],[126.868,34.595],[126.87,34.583],[126.879,34.576],[126.876,34.551],[126.886,34.544],[126.858,34.528],[126.849,34.512],[126.84,34.511],[126.85,34.495],[126.854,34.474],[126.853,34.46],[126.843,34.448],[126.807,34.454],[126.806,34.469],[126.792,34.467],[126.791,34.464],[126.791,34.462],[126.788,34.461],[126.787,34.476],[126.797,34.48],[126.792,34.509],[126.787,34.513],[126.797,34.547]]]}},{"type":"Feature","properties":{"code":"KR-36400","name":"해남군","provinceCode":"KR-36","province":"전남","rarity":"RARE"},"geometry":{"type":"Polygon","coordinates":[[[126.702,34.439],[126.673,34.427],[126.677,34.416],[126.664,34.427],[126.657,34.42],[126.651,34.423],[126.644,34.412],[126.648,34.409],[126.635,34.412],[126.628,34.402],[126.623,34.406],[126.616,34.402],[126.622,34.393],[126.611,34.386],[126.621,34.379],[126.62,34.359],[126.602,34.349],[126.609,34.343],[126.6,34.335],[126.606,34.315],[126.559,34.322],[126.545,34.303],[126.531,34.302],[126.528,34.294],[126.521,34.293],[126.516,34.305],[126.519,34.313],[126.512,34.319],[126.527,34.334],[126.522,34.341],[126.518,34.339],[126.516,34.339],[126.522,34.342],[126.52,34.361],[126.502,34.365],[126.499,34.357],[126.491,34.36],[126.489,34.357],[126.481,34.354],[126.479,34.349],[126.476,34.348],[126.475,34.348],[126.465,34.362],[126.476,34.355],[126.481,34.359],[126.476,34.365],[126.487,34.365],[126.473,34.378],[126.481,34.383],[126.475,34.382],[126.471,34.383],[126.472,34.385],[126.497,34.386],[126.487,34.408],[126.505,34.405],[126.517,34.414],[126.508,34.427],[126.514,34.434],[126.507,34.441],[126.498,34.432],[126.484,34.434],[126.482,34.426],[126.456,34.448],[126.465,34.454],[126.469,34.448],[126.478,34.45],[126.468,34.457],[126.472,34.468],[126.456,34.477],[126.466,34.485],[126.46,34.49],[126.465,34.497],[126.456,34.502],[126.471,34.507],[126.457,34.523],[126.442,34.522],[126.46,34.532],[126.443,34.539],[126.434,34.535],[126.436,34.55],[126.415,34.558],[126.418,34.547],[126.402,34.547],[126.403,34.539],[126.386,34.532],[126.378,34.539],[126.389,34.551],[126.383,34.562],[126.363,34.56],[126.355,34.57],[126.334,34.573],[126.314,34.568],[126.304,34.577],[126.313,34.588],[126.299,34.59],[126.295,34.601],[126.292,34.592],[126.28,34.595],[126.288,34.605],[126.28,34.612],[126.263,34.609],[126.259,34.612],[126.28,34.612],[126.281,34.622],[126.29,34.621],[126.294,34.629],[126.29,34.636],[126.278,34.63],[126.261,34.641],[126.268,34.648],[126.255,34.664],[126.26,34.673],[126.255,34.679],[126.261,34.684],[126.259,34.701],[126.262,34.708],[126.271,34.703],[126.275,34.717],[126.281,34.718],[126.275,34.727],[126.286,34.758],[126.299,34.762],[126.311,34.753],[126.308,34.748],[126.317,34.751],[126.332,34.74],[126.331,34.721],[126.348,34.71],[126.347,34.7],[126.355,34.694],[126.369,34.699],[126.388,34.726],[126.404,34.723],[126.466,34.709],[126.544,34.658],[126.563,34.667],[126.571,34.678],[126.596,34.683],[126.638,34.674],[126.648,34.688],[126.666,34.692],[126.706,34.682],[126.699,34.673],[126.702,34.662],[126.693,34.658],[126.697,34.65],[126.683,34.632],[126.701,34.63],[126.672,34.592],[126.695,34.564],[126.684,34.545],[126.667,34.537],[126.686,34.525],[126.68,34.516],[126.689,34.511],[126.682,34.471],[126.717,34.471],[126.735,34.456],[126.725,34.443],[126.702,34.439]]]}},{"type":"Feature","properties":{"code":"KR-36410","name":"영암군","provinceCode":"KR-36","province":"전남","rarity":"RARE"},"geometry":{"type":"Polygon","coordinates":[[[126.669,34.945],[126.699,34.94],[126.716,34.918],[126.712,34.907],[126.725,34.89],[126.766,34.9],[126.803,34.869],[126.811,34.874],[126.859,34.867],[126.845,34.841],[126.807,34.828],[126.793,34.794],[126.795,34.781],[126.77,34.785],[126.762,34.771],[126.743,34.757],[126.704,34.767],[126.658,34.734],[126.665,34.722],[126.681,34.718],[126.672,34.707],[126.67,34.691],[126.648,34.688],[126.638,34.674],[126.605,34.684],[126.571,34.678],[126.563,34.667],[126.544,34.658],[126.463,34.709],[126.478,34.739],[126.464,34.737],[126.457,34.728],[126.45,34.733],[126.45,34.744],[126.44,34.738],[126.426,34.744],[126.419,34.737],[126.424,34.728],[126.401,34.732],[126.404,34.738],[126.396,34.74],[126.388,34.726],[126.389,34.731],[126.361,34.742],[126.369,34.749],[126.366,34.751],[126.38,34.753],[126.38,34.758],[126.372,34.754],[126.38,34.76],[126.381,34.769],[126.449,34.782],[126.448,34.792],[126.468,34.79],[126.495,34.769],[126.511,34.77],[126.519,34.796],[126.543,34.813],[126.553,34.863],[126.58,34.896],[126.575,34.915],[126.581,34.92],[126.596,34.915],[126.594,34.925],[126.603,34.923],[126.605,34.93],[126.612,34.923],[126.619,34.926],[126.621,34.919],[126.629,34.921],[126.634,34.909],[126.631,34.889],[126.661,34.894],[126.675,34.882],[126.675,34.893],[126.682,34.894],[126.673,34.911],[126.677,34.917],[126.662,34.934],[126.669,34.945]]]}},{"type":"Feature","properties":{"code":"KR-36420","name":"무안군","provinceCode":"KR-36","province":"전남","rarity":"RARE"},"geometry":{"type":"Polygon","coordinates":[[[126.346,35.16],[126.347,35.139],[126.33,35.109],[126.335,35.092],[126.353,35.1],[126.351,35.087],[126.342,35.086],[126.345,35.076],[126.366,35.078],[126.365,35.065],[126.371,35.062],[126.383,35.078],[126.381,35.082],[126.392,35.086],[126.384,35.067],[126.391,35.065],[126.397,35.076],[126.409,35.062],[126.398,35.053],[126.402,35.05],[126.395,35.048],[126.392,35.045],[126.391,35.043],[126.401,35.042],[126.404,35.027],[126.427,35.027],[126.418,35.039],[126.42,35.044],[126.444,35.058],[126.452,35.072],[126.478,35.065],[126.463,35.042],[126.466,35.025],[126.472,35.021],[126.48,35.027],[126.483,35.02],[126.5,35.015],[126.5,35.005],[126.491,35.001],[126.5,34.986],[126.512,34.99],[126.541,34.975],[126.529,34.95],[126.542,34.92],[126.536,34.918],[126.522,34.929],[126.513,34.921],[126.557,34.869],[126.543,34.813],[126.519,34.796],[126.518,34.78],[126.509,34.769],[126.492,34.77],[126.458,34.793],[126.459,34.809],[126.454,34.818],[126.438,34.821],[126.438,34.836],[126.406,34.85],[126.395,34.869],[126.401,34.88],[126.387,34.878],[126.391,34.9],[126.401,34.9],[126.405,34.911],[126.389,34.928],[126.399,34.935],[126.392,34.936],[126.388,34.947],[126.394,34.965],[126.38,34.971],[126.381,34.988],[126.374,34.999],[126.367,34.993],[126.37,34.975],[126.359,34.969],[126.373,34.958],[126.366,34.943],[126.373,34.941],[126.366,34.933],[126.368,34.92],[126.33,34.916],[126.326,34.931],[126.307,34.928],[126.306,34.934],[126.321,34.943],[126.298,34.961],[126.298,34.974],[126.314,34.988],[126.33,34.967],[126.357,34.984],[126.359,34.993],[126.341,34.997],[126.332,34.993],[126.39,35.024],[126.382,35.049],[126.353,35.039],[126.349,35.056],[126.331,35.062],[126.345,35.071],[126.332,35.088],[126.316,35.087],[126.311,35.076],[126.316,35.071],[126.3,35.061],[126.314,35.054],[126.305,35.045],[126.296,35.042],[126.302,35.047],[126.292,35.06],[126.282,35.062],[126.278,35.055],[126.262,35.054],[126.261,35.065],[126.245,35.077],[126.248,35.097],[126.256,35.102],[126.258,35.094],[126.262,35.096],[126.26,35.104],[126.243,35.111],[126.259,35.143],[126.273,35.15],[126.279,35.136],[126.307,35.138],[126.308,35.128],[126.321,35.127],[126.331,35.142],[126.326,35.15],[126.346,35.16]]]}},{"type":"Feature","properties":{"code":"KR-36430","name":"함평군","provinceCode":"KR-36","province":"전남","rarity":"RARE"},"geometry":{"type":"Polygon","coordinates":[[[126.6,35.235],[126.672,35.172],[126.654,35.165],[126.654,35.153],[126.645,35.147],[126.653,35.144],[126.656,35.111],[126.646,35.098],[126.623,35.087],[126.605,35.099],[126.595,35.098],[126.588,35.055],[126.595,35.028],[126.586,35.015],[126.599,35.013],[126.592,34.996],[126.599,34.997],[126.574,34.974],[126.56,34.989],[126.541,34.975],[126.512,34.99],[126.5,34.986],[126.491,35.001],[126.5,35.005],[126.5,35.015],[126.483,35.02],[126.48,35.027],[126.47,35.021],[126.464,35.031],[126.463,35.042],[126.479,35.064],[126.436,35.085],[126.457,35.09],[126.465,35.1],[126.422,35.107],[126.403,35.137],[126.396,35.134],[126.389,35.142],[126.383,35.159],[126.375,35.157],[126.37,35.164],[126.392,35.18],[126.403,35.178],[126.408,35.186],[126.422,35.184],[126.435,35.173],[126.452,35.187],[126.477,35.194],[126.501,35.183],[126.561,35.188],[126.564,35.198],[126.581,35.196],[126.591,35.214],[126.589,35.229],[126.6,35.235]]]}},{"type":"Feature","properties":{"code":"KR-36440","name":"영광군","provinceCode":"KR-36","province":"전남","rarity":"RARE"},"geometry":{"type":"MultiPolygon","coordinates":[[[[126.023,35.363],[126.041,35.346],[126.031,35.335],[126.014,35.332],[126.019,35.341],[126.008,35.345],[126.023,35.347],[126.008,35.356],[126.005,35.349],[125.996,35.357],[126.021,35.356],[126.023,35.363]]],[[[126.419,35.427],[126.48,35.427],[126.493,35.409],[126.491,35.395],[126.477,35.386],[126.497,35.373],[126.494,35.35],[126.513,35.362],[126.521,35.348],[126.514,35.327],[126.532,35.307],[126.551,35.314],[126.573,35.31],[126.585,35.301],[126.589,35.318],[126.581,35.317],[126.584,35.329],[126.604,35.336],[126.626,35.321],[126.645,35.32],[126.632,35.302],[126.611,35.3],[126.617,35.294],[126.615,35.279],[126.585,35.258],[126.583,35.239],[126.592,35.225],[126.581,35.196],[126.565,35.199],[126.561,35.188],[126.533,35.182],[126.514,35.188],[126.498,35.184],[126.477,35.194],[126.452,35.187],[126.435,35.173],[126.422,35.184],[126.408,35.186],[126.403,35.178],[126.392,35.18],[126.37,35.164],[126.359,35.169],[126.354,35.184],[126.372,35.19],[126.369,35.198],[126.377,35.212],[126.338,35.191],[126.342,35.214],[126.328,35.203],[126.317,35.205],[126.318,35.215],[126.316,35.217],[126.314,35.21],[126.299,35.211],[126.297,35.223],[126.308,35.251],[126.328,35.244],[126.322,35.263],[126.347,35.274],[126.333,35.268],[126.325,35.271],[126.329,35.279],[126.339,35.286],[126.372,35.284],[126.366,35.292],[126.378,35.306],[126.378,35.328],[126.397,35.369],[126.404,35.369],[126.404,35.363],[126.422,35.365],[126.429,35.358],[126.443,35.357],[126.448,35.349],[126.444,35.358],[126.429,35.359],[126.411,35.376],[126.402,35.395],[126.411,35.405],[126.403,35.404],[126.407,35.417],[126.42,35.426],[126.41,35.433],[126.419,35.427]]]]}},{"type":"Feature","properties":{"code":"KR-36450","name":"장성군","provinceCode":"KR-36","province":"전남","rarity":"RARE"},"geometry":{"type":"Polygon","coordinates":[[[126.824,35.487],[126.843,35.478],[126.839,35.462],[126.87,35.461],[126.905,35.441],[126.897,35.435],[126.904,35.43],[126.902,35.423],[126.916,35.416],[126.917,35.402],[126.926,35.397],[126.924,35.379],[126.915,35.387],[126.896,35.366],[126.884,35.362],[126.876,35.342],[126.888,35.326],[126.861,35.321],[126.861,35.301],[126.854,35.294],[126.88,35.252],[126.835,35.229],[126.825,35.232],[126.824,35.226],[126.805,35.218],[126.755,35.234],[126.764,35.254],[126.76,35.259],[126.737,35.253],[126.719,35.213],[126.703,35.208],[126.687,35.215],[126.676,35.191],[126.651,35.193],[126.642,35.207],[126.612,35.23],[126.585,35.238],[126.585,35.258],[126.615,35.279],[126.617,35.294],[126.611,35.3],[126.64,35.309],[126.644,35.327],[126.653,35.328],[126.666,35.351],[126.686,35.344],[126.692,35.351],[126.699,35.35],[126.705,35.365],[126.719,35.365],[126.731,35.377],[126.73,35.395],[126.722,35.4],[126.754,35.417],[126.752,35.436],[126.738,35.449],[126.741,35.453],[126.75,35.451],[126.765,35.467],[126.814,35.469],[126.814,35.484],[126.824,35.487]]]}},{"type":"Feature","properties":{"code":"KR-36460","name":"완도군","provinceCode":"KR-36","province":"전남","rarity":"RARE"},"geometry":{"type":"MultiPolygon","coordinates":[[[[126.539,34.182],[126.555,34.168],[126.57,34.17],[126.573,34.161],[126.583,34.17],[126.61,34.162],[126.621,34.165],[126.621,34.155],[126.616,34.149],[126.603,34.161],[126.604,34.146],[126.59,34.162],[126.588,34.157],[126.579,34.157],[126.576,34.145],[126.565,34.144],[126.564,34.135],[126.543,34.126],[126.512,34.122],[126.504,34.16],[126.539,34.182]]],[[[126.646,34.198],[126.685,34.182],[126.656,34.172],[126.657,34.164],[126.668,34.162],[126.67,34.148],[126.683,34.149],[126.68,34.139],[126.669,34.143],[126.672,34.131],[126.66,34.111],[126.65,34.115],[126.65,34.13],[126.638,34.122],[126.628,34.146],[126.652,34.17],[126.635,34.18],[126.642,34.184],[126.633,34.188],[126.643,34.187],[126.646,34.198]]],[[[126.77,34.19],[126.762,34.177],[126.75,34.187],[126.755,34.208],[126.763,34.212],[126.768,34.207],[126.77,34.19]]],[[[126.89,34.217],[126.91,34.213],[126.912,34.206],[126.904,34.202],[126.912,34.195],[126.908,34.183],[126.928,34.19],[126.921,34.185],[126.925,34.175],[126.918,34.158],[126.909,34.151],[126.881,34.15],[126.871,34.166],[126.865,34.166],[126.856,34.151],[126.848,34.163],[126.86,34.171],[126.851,34.169],[126.847,34.174],[126.858,34.178],[126.853,34.186],[126.861,34.195],[126.857,34.199],[126.89,34.217]]],[[[126.568,34.234],[126.573,34.222],[126.579,34.228],[126.589,34.223],[126.595,34.227],[126.615,34.216],[126.625,34.203],[126.611,34.196],[126.603,34.2],[126.616,34.183],[126.601,34.182],[126.598,34.191],[126.587,34.191],[126.588,34.173],[126.561,34.179],[126.562,34.189],[126.548,34.189],[126.557,34.195],[126.559,34.203],[126.553,34.206],[126.565,34.212],[126.555,34.212],[126.557,34.218],[126.565,34.218],[126.567,34.223],[126.561,34.226],[126.562,34.233],[126.553,34.233],[126.568,34.234]]],[[[126.98,34.341],[127.003,34.338],[127.016,34.324],[126.992,34.312],[126.992,34.305],[126.978,34.306],[126.973,34.301],[126.966,34.312],[126.961,34.308],[126.959,34.33],[126.98,34.341]]],[[[126.839,34.312],[126.829,34.326],[126.805,34.326],[126.794,34.315],[126.78,34.328],[126.752,34.335],[126.762,34.338],[126.778,34.332],[126.787,34.346],[126.802,34.334],[126.816,34.336],[126.819,34.348],[126.835,34.359],[126.848,34.344],[126.856,34.351],[126.859,34.344],[126.866,34.35],[126.875,34.348],[126.881,34.336],[126.899,34.342],[126.895,34.331],[126.89,34.335],[126.88,34.33],[126.886,34.323],[126.883,34.311],[126.872,34.31],[126.875,34.314],[126.866,34.322],[126.862,34.32],[126.867,34.314],[126.842,34.299],[126.837,34.306],[126.84,34.31],[126.84,34.312],[126.84,34.312],[126.84,34.312],[126.839,34.312]]],[[[127.033,34.332],[127.032,34.344],[127.019,34.353],[127.013,34.356],[127.007,34.349],[126.986,34.36],[127.007,34.357],[127.008,34.367],[127.017,34.369],[127.014,34.377],[127.029,34.372],[127.03,34.381],[127.045,34.368],[127.045,34.351],[127.076,34.362],[127.101,34.338],[127.094,34.336],[127.087,34.343],[127.068,34.347],[127.062,34.341],[127.079,34.337],[127.077,34.332],[127.057,34.33],[127.056,34.323],[127.043,34.317],[127.042,34.308],[127.037,34.325],[127.051,34.329],[127.054,34.337],[127.042,34.341],[127.033,34.332]]],[[[126.694,34.398],[126.729,34.38],[126.736,34.343],[126.754,34.316],[126.769,34.317],[126.772,34.311],[126.762,34.3],[126.778,34.288],[126.748,34.292],[126.734,34.305],[126.738,34.287],[126.717,34.297],[126.695,34.292],[126.679,34.304],[126.683,34.307],[126.669,34.323],[126.653,34.327],[126.653,34.331],[126.646,34.328],[126.649,34.334],[126.641,34.362],[126.646,34.367],[126.639,34.382],[126.649,34.394],[126.671,34.396],[126.671,34.401],[126.694,34.398]]],[[[126.951,34.404],[126.935,34.384],[126.948,34.377],[126.948,34.368],[126.929,34.37],[126.924,34.361],[126.908,34.358],[126.907,34.353],[126.864,34.373],[126.872,34.398],[126.862,34.407],[126.867,34.411],[126.878,34.399],[126.882,34.407],[126.894,34.396],[126.896,34.404],[126.9,34.398],[126.904,34.402],[126.908,34.402],[126.912,34.392],[126.931,34.391],[126.943,34.403],[126.943,34.413],[126.951,34.404]]],[[[126.835,34.444],[126.834,34.431],[126.845,34.431],[126.844,34.421],[126.824,34.419],[126.84,34.411],[126.85,34.418],[126.849,34.407],[126.857,34.408],[126.866,34.39],[126.847,34.39],[126.83,34.378],[126.823,34.387],[126.819,34.382],[126.793,34.382],[126.78,34.369],[126.776,34.357],[126.781,34.353],[126.768,34.357],[126.779,34.382],[126.75,34.38],[126.768,34.399],[126.764,34.409],[126.775,34.423],[126.789,34.433],[126.817,34.434],[126.835,34.444]]],[[[127.043,34.46],[127.052,34.451],[127.059,34.453],[127.055,34.458],[127.063,34.453],[127.075,34.429],[127.076,34.424],[127.066,34.421],[127.068,34.418],[127.07,34.418],[127.073,34.417],[127.073,34.417],[127.068,34.412],[127.066,34.416],[127.062,34.402],[127.061,34.426],[127.052,34.43],[127.052,34.417],[127.047,34.415],[127.037,34.424],[127.034,34.45],[127.022,34.455],[127.043,34.46]]]]}},{"type":"Feature","properties":{"code":"KR-36470","name":"진도군","provinceCode":"KR-36","province":"전남","rarity":"LEGEND"},"geometry":{"type":"MultiPolygon","coordinates":[[[[126.049,34.254],[126.069,34.24],[126.061,34.238],[126.058,34.225],[126.043,34.232],[126.037,34.222],[126.034,34.231],[126.024,34.231],[126.026,34.239],[126.049,34.24],[126.049,34.254]]],[[[126.042,34.316],[126.054,34.304],[126.088,34.311],[126.086,34.299],[126.095,34.275],[126.078,34.285],[126.067,34.274],[126.062,34.29],[126.053,34.287],[126.059,34.278],[126.055,34.274],[126.049,34.284],[126.023,34.286],[126.024,34.295],[126.016,34.292],[126.019,34.301],[126.032,34.304],[126.024,34.313],[126.03,34.31],[126.035,34.313],[126.03,34.317],[126.042,34.316]]],[[[126.027,34.343],[126.053,34.332],[126.061,34.321],[126.038,34.322],[126.047,34.324],[126.037,34.33],[126.034,34.325],[126.024,34.331],[126.021,34.323],[126.01,34.321],[125.995,34.327],[125.997,34.339],[126.013,34.334],[126.012,34.339],[126.022,34.337],[126.027,34.343]]],[[[126.049,34.496],[126.066,34.491],[126.059,34.483],[126.07,34.481],[126.053,34.472],[126.043,34.459],[126.036,34.461],[126.042,34.47],[126.032,34.481],[126.032,34.483],[126.039,34.48],[126.049,34.496]]],[[[126.252,34.584],[126.279,34.584],[126.279,34.578],[126.304,34.571],[126.31,34.563],[126.301,34.557],[126.315,34.544],[126.325,34.54],[126.327,34.547],[126.339,34.552],[126.337,34.543],[126.345,34.542],[126.354,34.532],[126.351,34.528],[126.377,34.512],[126.383,34.504],[126.373,34.496],[126.385,34.481],[126.379,34.478],[126.376,34.485],[126.358,34.481],[126.361,34.473],[126.372,34.471],[126.358,34.457],[126.366,34.443],[126.342,34.415],[126.336,34.414],[126.338,34.403],[126.329,34.394],[126.32,34.405],[126.328,34.406],[126.32,34.425],[126.311,34.416],[126.314,34.4],[126.303,34.414],[126.306,34.402],[126.293,34.409],[126.297,34.397],[126.289,34.394],[126.297,34.391],[126.302,34.395],[126.304,34.389],[126.297,34.385],[126.31,34.382],[126.302,34.37],[126.292,34.374],[126.289,34.364],[126.28,34.372],[126.284,34.388],[126.292,34.391],[126.277,34.391],[126.277,34.396],[126.265,34.397],[126.26,34.387],[126.267,34.378],[126.246,34.379],[126.239,34.37],[126.23,34.374],[126.22,34.367],[126.202,34.371],[126.199,34.368],[126.209,34.368],[126.214,34.36],[126.188,34.357],[126.18,34.349],[126.181,34.359],[126.173,34.353],[126.156,34.357],[126.164,34.364],[126.161,34.365],[126.146,34.366],[126.142,34.357],[126.13,34.359],[126.143,34.385],[126.126,34.378],[126.115,34.381],[126.089,34.419],[126.098,34.422],[126.093,34.426],[126.101,34.431],[126.096,34.436],[126.118,34.449],[126.128,34.443],[126.117,34.46],[126.172,34.485],[126.174,34.495],[126.191,34.514],[126.195,34.511],[126.188,34.496],[126.205,34.496],[126.208,34.502],[126.198,34.51],[126.223,34.516],[126.212,34.527],[126.225,34.53],[126.226,34.541],[126.236,34.537],[126.251,34.563],[126.244,34.569],[126.24,34.565],[126.245,34.581],[126.238,34.584],[126.25,34.589],[126.252,34.584]]]]}},{"type":"Feature","properties":{"code":"KR-36480","name":"신안군","provinceCode":"KR-36","province":"전남","rarity":"LEGEND"},"geometry":{"type":"MultiPolygon","coordinates":[[[[125.1,34.096],[125.123,34.087],[125.121,34.074],[125.144,34.051],[125.122,34.048],[125.111,34.065],[125.086,34.074],[125.095,34.074],[125.1,34.096]]],[[[126.05,34.628],[126.075,34.626],[126.089,34.608],[126.1,34.608],[126.098,34.597],[126.111,34.589],[126.092,34.569],[126.102,34.558],[126.099,34.552],[126.083,34.556],[126.086,34.546],[126.077,34.54],[126.063,34.54],[126.056,34.53],[126.031,34.531],[126.029,34.544],[126.045,34.538],[126.046,34.546],[126.061,34.549],[126.053,34.557],[126.028,34.553],[126.031,34.561],[126.044,34.565],[126.064,34.559],[126.087,34.584],[126.075,34.584],[126.06,34.612],[126.047,34.61],[126.05,34.628]]],[[[125.856,34.63],[125.853,34.619],[125.858,34.619],[125.861,34.604],[125.842,34.597],[125.826,34.601],[125.819,34.593],[125.811,34.597],[125.811,34.603],[125.828,34.609],[125.814,34.61],[125.816,34.615],[125.804,34.623],[125.822,34.614],[125.856,34.63]]],[[[126.017,34.636],[126.039,34.63],[126.033,34.611],[126.046,34.602],[126.056,34.603],[126.064,34.583],[126.056,34.568],[126.034,34.572],[126.019,34.564],[126.022,34.574],[126.015,34.585],[126.027,34.592],[126.02,34.6],[126.011,34.596],[126.017,34.618],[126.01,34.631],[126.017,34.636]]],[[[126.15,34.672],[126.187,34.652],[126.185,34.638],[126.2,34.642],[126.201,34.635],[126.181,34.63],[126.174,34.622],[126.163,34.628],[126.152,34.62],[126.122,34.615],[126.129,34.621],[126.122,34.629],[126.132,34.642],[126.11,34.645],[126.11,34.649],[126.127,34.652],[126.13,34.66],[126.134,34.658],[126.15,34.672]]],[[[126.192,34.709],[126.199,34.703],[126.203,34.7],[126.193,34.697],[126.198,34.687],[126.189,34.68],[126.186,34.685],[126.17,34.68],[126.16,34.689],[126.178,34.688],[126.192,34.709]]],[[[125.412,34.697],[125.432,34.696],[125.429,34.685],[125.441,34.684],[125.444,34.695],[125.452,34.689],[125.454,34.695],[125.464,34.687],[125.458,34.681],[125.454,34.686],[125.444,34.681],[125.438,34.661],[125.423,34.66],[125.428,34.646],[125.411,34.643],[125.412,34.625],[125.401,34.625],[125.385,34.643],[125.399,34.649],[125.387,34.657],[125.397,34.662],[125.398,34.674],[125.409,34.683],[125.412,34.697]]],[[[125.209,34.716],[125.207,34.685],[125.193,34.684],[125.193,34.674],[125.182,34.667],[125.179,34.682],[125.184,34.688],[125.192,34.686],[125.201,34.711],[125.209,34.716]]],[[[125.961,34.737],[125.979,34.716],[125.982,34.722],[125.991,34.719],[126,34.703],[126.014,34.703],[126.008,34.685],[125.988,34.679],[125.988,34.674],[125.979,34.672],[125.978,34.663],[125.965,34.656],[125.954,34.659],[125.955,34.673],[125.939,34.665],[125.933,34.679],[125.921,34.671],[125.923,34.679],[125.917,34.678],[125.919,34.688],[125.914,34.688],[125.916,34.711],[125.947,34.715],[125.961,34.737]]],[[[126.146,34.701],[126.15,34.714],[126.137,34.729],[126.124,34.724],[126.118,34.715],[126.11,34.722],[126.098,34.721],[126.083,34.716],[126.08,34.706],[126.075,34.709],[126.081,34.72],[126.071,34.742],[126.082,34.751],[126.077,34.764],[126.067,34.765],[126.064,34.767],[126.065,34.769],[126.082,34.763],[126.089,34.775],[126.105,34.767],[126.125,34.771],[126.144,34.752],[126.157,34.758],[126.174,34.753],[126.167,34.747],[126.176,34.742],[126.183,34.724],[126.176,34.716],[126.178,34.706],[126.175,34.701],[126.146,34.701]]],[[[125.993,34.807],[126.001,34.789],[125.985,34.775],[125.999,34.774],[125.998,34.762],[125.984,34.761],[125.977,34.754],[125.968,34.759],[125.961,34.747],[125.957,34.756],[125.963,34.762],[125.954,34.767],[125.956,34.754],[125.949,34.757],[125.937,34.748],[125.931,34.754],[125.93,34.752],[125.95,34.734],[125.939,34.732],[125.936,34.72],[125.918,34.717],[125.893,34.728],[125.896,34.732],[125.886,34.74],[125.896,34.748],[125.891,34.759],[125.898,34.76],[125.89,34.767],[125.902,34.772],[125.9,34.78],[125.938,34.777],[125.953,34.784],[125.952,34.789],[125.964,34.787],[125.973,34.802],[125.993,34.807]]],[[[126.159,34.822],[126.152,34.801],[126.169,34.798],[126.172,34.794],[126.167,34.789],[126.175,34.785],[126.172,34.777],[126.167,34.789],[126.159,34.788],[126.164,34.765],[126.141,34.761],[126.127,34.78],[126.106,34.778],[126.082,34.788],[126.148,34.798],[126.147,34.812],[126.153,34.811],[126.159,34.822]]],[[[126.109,34.879],[126.138,34.875],[126.144,34.881],[126.157,34.866],[126.157,34.861],[126.133,34.86],[126.135,34.853],[126.149,34.847],[126.149,34.84],[126.14,34.836],[126.142,34.827],[126.12,34.834],[126.115,34.826],[126.123,34.813],[126.119,34.8],[126.094,34.797],[126.091,34.815],[126.08,34.819],[126.071,34.813],[126.08,34.798],[126.075,34.794],[126.065,34.809],[126.047,34.815],[126.043,34.826],[126.048,34.828],[126.066,34.813],[126.08,34.819],[126.06,34.848],[126.083,34.859],[126.115,34.851],[126.12,34.858],[126.11,34.865],[126.109,34.879]]],[[[126.294,34.85],[126.277,34.856],[126.263,34.84],[126.226,34.85],[126.233,34.865],[126.26,34.858],[126.27,34.873],[126.279,34.863],[126.281,34.887],[126.293,34.881],[126.303,34.887],[126.295,34.901],[126.281,34.91],[126.297,34.922],[126.305,34.92],[126.304,34.914],[126.313,34.908],[126.336,34.909],[126.35,34.899],[126.349,34.887],[126.345,34.894],[126.337,34.893],[126.335,34.887],[126.326,34.892],[126.33,34.879],[126.317,34.883],[126.313,34.878],[126.326,34.873],[126.314,34.867],[126.325,34.861],[126.357,34.864],[126.369,34.855],[126.371,34.843],[126.365,34.836],[126.371,34.839],[126.373,34.833],[126.35,34.814],[126.327,34.822],[126.346,34.835],[126.344,34.842],[126.337,34.84],[126.334,34.848],[126.316,34.846],[126.312,34.853],[126.303,34.854],[126.294,34.85]]],[[[126.249,34.941],[126.245,34.935],[126.254,34.933],[126.255,34.914],[126.246,34.917],[126.234,34.909],[126.22,34.918],[126.227,34.937],[126.239,34.933],[126.249,34.941]]],[[[126.063,34.933],[126.076,34.934],[126.076,34.921],[126.091,34.921],[126.084,34.912],[126.099,34.91],[126.084,34.896],[126.099,34.889],[126.095,34.877],[126.079,34.881],[126.084,34.864],[126.068,34.864],[126.069,34.858],[126.05,34.855],[126.042,34.844],[126.032,34.858],[126.02,34.862],[126.025,34.872],[126.008,34.859],[125.998,34.865],[125.977,34.864],[125.982,34.867],[125.979,34.873],[125.967,34.873],[125.99,34.877],[126.014,34.912],[126.032,34.909],[126.035,34.92],[126.04,34.919],[126.041,34.911],[126.055,34.912],[126.061,34.921],[126.056,34.939],[126.063,34.933]]],[[[126.263,34.968],[126.288,34.963],[126.3,34.939],[126.296,34.934],[126.282,34.935],[126.287,34.942],[126.272,34.957],[126.263,34.952],[126.259,34.957],[126.263,34.968]]],[[[126.199,34.93],[126.194,34.922],[126.192,34.931],[126.197,34.927],[126.195,34.934],[126.201,34.939],[126.189,34.946],[126.205,34.947],[126.207,34.956],[126.196,34.964],[126.212,34.98],[126.206,34.984],[126.216,34.985],[126.215,34.955],[126.207,34.956],[126.21,34.942],[126.202,34.937],[126.208,34.928],[126.199,34.93]]],[[[126.247,35.006],[126.261,35.006],[126.27,34.994],[126.271,34.976],[126.244,34.975],[126.253,34.999],[126.247,35.006]]],[[[126.164,34.963],[126.167,34.968],[126.162,34.972],[126.144,34.969],[126.144,34.956],[126.124,34.947],[126.136,34.966],[126.135,34.991],[126.145,34.989],[126.133,35.002],[126.106,34.997],[126.098,35.002],[126.1,35.008],[126.108,35.006],[126.128,35.027],[126.166,35.021],[126.162,35.01],[126.178,34.997],[126.18,34.975],[126.164,34.963]]],[[[126.145,35.059],[126.18,35.052],[126.186,35.042],[126.201,35.039],[126.196,35.01],[126.19,35.007],[126.193,35.017],[126.183,35.027],[126.17,35.024],[126.167,35.034],[126.149,35.034],[126.134,35.042],[126.137,35.047],[126.128,35.048],[126.145,35.059]]],[[[126.19,35.113],[126.248,35.097],[126.245,35.077],[126.261,35.065],[126.261,35.05],[126.275,35.034],[126.256,35.013],[126.247,35.014],[126.243,35.027],[126.239,35.018],[126.227,35.02],[126.233,35.053],[126.223,35.058],[126.209,35.054],[126.199,35.063],[126.182,35.058],[126.168,35.072],[126.162,35.067],[126.165,35.083],[126.157,35.09],[126.159,35.099],[126.19,35.113]]],[[[126.058,35.076],[126.042,35.085],[126.056,35.096],[126.049,35.103],[126.081,35.108],[126.112,35.134],[126.114,35.143],[126.143,35.141],[126.147,35.146],[126.164,35.146],[126.124,35.135],[126.116,35.097],[126.124,35.081],[126.111,35.084],[126.105,35.088],[126.102,35.088],[126.122,35.077],[126.109,35.07],[126.117,35.061],[126.102,35.057],[126.101,35.048],[126.074,35.06],[126.077,35.07],[126.06,35.068],[126.063,35.055],[126.057,35.064],[126.038,35.066],[126.039,35.071],[126.055,35.068],[126.058,35.076]]]]}},{"type":"Feature","properties":{"code":"KR-37011","name":"포항시남구","provinceCode":"KR-37","province":"경북","rarity":"COMMON"},"geometry":{"type":"Polygon","coordinates":[[[129.401,36.039],[129.402,36.039],[129.431,36.03],[129.432,36.027],[129.407,36.029],[129.396,36.018],[129.407,36.009],[129.41,36.016],[129.422,36.013],[129.424,36.022],[129.423,36.011],[129.414,36.005],[129.424,36.01],[129.418,36.006],[129.423,36],[129.451,35.992],[129.459,36.003],[129.503,36.026],[129.505,36.037],[129.525,36.058],[129.533,36.058],[129.547,36.085],[129.57,36.078],[129.569,36.069],[129.584,36.046],[129.577,36.025],[129.584,36.017],[129.567,35.997],[129.567,35.99],[129.553,35.987],[129.559,35.984],[129.552,35.979],[129.554,35.968],[129.547,35.964],[129.546,35.953],[129.531,35.932],[129.519,35.929],[129.519,35.92],[129.534,35.9],[129.525,35.896],[129.529,35.884],[129.52,35.882],[129.519,35.874],[129.534,35.868],[129.515,35.84],[129.49,35.843],[129.48,35.853],[129.452,35.848],[129.437,35.879],[129.426,35.884],[129.41,35.871],[129.407,35.858],[129.394,35.857],[129.391,35.863],[129.379,35.865],[129.372,35.861],[129.355,35.873],[129.364,35.877],[129.362,35.888],[129.338,35.893],[129.333,35.931],[129.317,35.946],[129.32,35.958],[129.302,35.981],[129.304,35.995],[129.293,35.995],[129.298,35.997],[129.295,36.011],[129.277,36.027],[129.284,36.047],[129.282,36.059],[129.293,36.061],[129.308,36.043],[129.334,36.041],[129.351,36.014],[129.372,36.033],[129.373,36.05],[129.386,36.028],[129.401,36.039],[129.412,36.036],[129.402,36.039],[129.401,36.039]]]}},{"type":"Feature","properties":{"code":"KR-37012","name":"포항시북구","provinceCode":"KR-37","province":"경북","rarity":"COMMON"},"geometry":{"type":"Polygon","coordinates":[[[129.431,36.101],[129.418,36.087],[129.418,36.074],[129.409,36.073],[129.402,36.07],[129.396,36.063],[129.38,36.06],[129.383,36.048],[129.373,36.051],[129.372,36.033],[129.351,36.014],[129.335,36.041],[129.307,36.044],[129.274,36.08],[129.247,36.075],[129.238,36.052],[129.224,36.044],[129.204,36.043],[129.178,36.027],[129.177,36.046],[129.17,36.053],[129.141,36.059],[129.128,36.081],[129.112,36.079],[129.098,36.093],[129.094,36.104],[129.105,36.114],[129.098,36.122],[129.073,36.114],[129.059,36.13],[129.063,36.143],[129.044,36.156],[128.989,36.168],[128.991,36.175],[129.027,36.183],[129.042,36.222],[129.065,36.22],[129.066,36.227],[129.082,36.235],[129.076,36.25],[129.054,36.26],[129.059,36.271],[129.08,36.277],[129.102,36.265],[129.133,36.262],[129.147,36.239],[129.171,36.225],[129.198,36.245],[129.207,36.267],[129.227,36.277],[129.221,36.288],[129.232,36.313],[129.256,36.324],[129.267,36.321],[129.268,36.331],[129.275,36.328],[129.286,36.333],[129.299,36.319],[129.298,36.309],[129.285,36.298],[129.286,36.286],[129.304,36.268],[129.316,36.272],[129.339,36.267],[129.354,36.273],[129.376,36.268],[129.373,36.255],[129.386,36.24],[129.381,36.23],[129.387,36.217],[129.373,36.207],[129.372,36.197],[129.393,36.181],[129.4,36.165],[129.398,36.134],[129.426,36.114],[129.43,36.112],[129.431,36.114],[129.437,36.114],[129.44,36.112],[129.431,36.112],[129.44,36.111],[129.44,36.097],[129.431,36.101]]]}},{"type":"Feature","properties":{"code":"KR-37020","name":"경주시","provinceCode":"KR-37","province":"경북","rarity":"COMMON"},"geometry":{"type":"Polygon","coordinates":[[[129.476,35.693],[129.464,35.677],[129.465,35.667],[129.454,35.665],[129.45,35.651],[129.4,35.668],[129.373,35.669],[129.364,35.679],[129.354,35.679],[129.334,35.67],[129.328,35.659],[129.304,35.657],[129.296,35.644],[129.256,35.66],[129.263,35.691],[129.257,35.701],[129.234,35.704],[129.209,35.721],[129.198,35.715],[129.181,35.724],[129.176,35.716],[129.16,35.715],[129.145,35.725],[129.137,35.713],[129.09,35.703],[129.077,35.693],[129.067,35.671],[129.068,35.659],[129.081,35.647],[129.076,35.64],[129.043,35.656],[129.035,35.675],[129.037,35.695],[129.022,35.689],[129.004,35.695],[128.998,35.717],[128.973,35.737],[128.976,35.75],[128.971,35.755],[128.975,35.772],[128.997,35.778],[128.99,35.8],[129.015,35.839],[129.019,35.857],[129.033,35.871],[129.027,35.905],[129.055,35.92],[129.067,35.942],[129.098,35.939],[129.116,35.917],[129.134,35.928],[129.129,35.948],[129.116,35.962],[129.111,36.006],[129.115,36.014],[129.127,36.005],[129.144,36.01],[129.134,36.034],[129.151,36.055],[129.176,36.048],[129.181,36.028],[129.198,36.041],[129.224,36.044],[129.238,36.052],[129.247,36.075],[129.274,36.08],[129.286,36.07],[129.277,36.027],[129.295,36.011],[129.298,35.997],[129.293,35.995],[129.304,35.995],[129.302,35.981],[129.32,35.958],[129.317,35.946],[129.333,35.931],[129.338,35.893],[129.363,35.887],[129.364,35.877],[129.355,35.873],[129.361,35.865],[129.407,35.858],[129.41,35.871],[129.426,35.884],[129.437,35.879],[129.452,35.848],[129.48,35.853],[129.49,35.843],[129.521,35.838],[129.51,35.824],[129.512,35.806],[129.504,35.807],[129.5,35.793],[129.492,35.788],[129.494,35.753],[129.484,35.743],[129.482,35.707],[129.479,35.712],[129.473,35.704],[129.476,35.693]]]}},{"type":"Feature","properties":{"code":"KR-37030","name":"김천시","provinceCode":"KR-37","province":"경북","rarity":"COMMON"},"geometry":{"type":"Polygon","coordinates":[[[128.121,36.253],[128.165,36.255],[128.173,36.245],[128.197,36.245],[128.234,36.227],[128.235,36.201],[128.243,36.197],[128.259,36.202],[128.271,36.196],[128.271,36.174],[128.295,36.168],[128.285,36.14],[128.296,36.132],[128.275,36.104],[128.292,36.095],[128.285,36.081],[128.301,36.063],[128.299,36.051],[128.289,36.043],[128.223,36.055],[128.209,36.046],[128.194,36.045],[128.194,36.032],[128.169,36.036],[128.164,36.032],[128.173,36.014],[128.166,36.002],[128.171,35.993],[128.158,35.987],[128.151,35.966],[128.118,35.959],[128.111,35.965],[128.096,35.954],[128.089,35.947],[128.088,35.921],[128.074,35.928],[128.071,35.936],[128.056,35.942],[128.049,35.937],[128.049,35.92],[128.061,35.907],[128.057,35.902],[128.067,35.896],[128.071,35.879],[128.087,35.872],[128.073,35.851],[128.077,35.84],[128.07,35.841],[128.052,35.83],[128.03,35.836],[128.012,35.829],[127.997,35.837],[127.982,35.859],[127.974,35.852],[127.951,35.862],[127.942,35.855],[127.926,35.856],[127.933,35.864],[127.92,35.893],[127.894,35.887],[127.883,35.899],[127.888,35.915],[127.882,35.929],[127.906,35.941],[127.911,35.949],[127.902,35.957],[127.896,35.978],[127.89,35.98],[127.893,35.987],[127.876,35.997],[127.877,36.023],[127.885,36.036],[127.903,36.039],[127.917,36.054],[127.936,36.051],[127.961,36.07],[127.958,36.09],[127.969,36.103],[127.967,36.118],[127.988,36.129],[127.987,36.147],[127.997,36.155],[127.983,36.171],[127.984,36.178],[127.975,36.188],[127.978,36.198],[128.01,36.209],[128.024,36.207],[128.039,36.194],[128.058,36.201],[128.03,36.24],[128.04,36.252],[128.05,36.244],[128.076,36.242],[128.097,36.252],[128.109,36.237],[128.119,36.243],[128.121,36.253]]]}},{"type":"Feature","properties":{"code":"KR-37040","name":"안동시","provinceCode":"KR-37","province":"경북","rarity":"COMMON"},"geometry":{"type":"Polygon","coordinates":[[[128.805,36.814],[128.811,36.796],[128.822,36.81],[128.84,36.809],[128.844,36.803],[128.863,36.799],[128.89,36.772],[128.905,36.776],[128.919,36.767],[128.942,36.774],[128.954,36.771],[128.964,36.752],[128.991,36.748],[128.987,36.736],[129,36.719],[128.989,36.674],[128.997,36.655],[128.99,36.648],[128.991,36.624],[129.001,36.589],[128.98,36.565],[128.992,36.549],[128.977,36.547],[128.973,36.532],[128.997,36.507],[128.984,36.488],[128.975,36.484],[128.985,36.464],[128.974,36.468],[128.968,36.462],[128.977,36.445],[128.973,36.432],[128.984,36.405],[128.962,36.367],[128.966,36.359],[128.962,36.339],[128.951,36.336],[128.934,36.319],[128.931,36.306],[128.907,36.297],[128.889,36.297],[128.892,36.305],[128.886,36.312],[128.893,36.326],[128.886,36.343],[128.877,36.345],[128.881,36.359],[128.872,36.367],[128.878,36.375],[128.85,36.388],[128.851,36.399],[128.834,36.427],[128.83,36.452],[128.782,36.465],[128.768,36.481],[128.747,36.489],[128.733,36.477],[128.719,36.482],[128.71,36.477],[128.704,36.466],[128.706,36.448],[128.63,36.427],[128.629,36.42],[128.61,36.418],[128.604,36.405],[128.597,36.41],[128.598,36.432],[128.577,36.44],[128.566,36.452],[128.55,36.49],[128.506,36.5],[128.492,36.518],[128.476,36.514],[128.475,36.499],[128.453,36.491],[128.433,36.503],[128.437,36.516],[128.428,36.52],[128.465,36.538],[128.456,36.555],[128.492,36.57],[128.499,36.585],[128.491,36.589],[128.498,36.603],[128.529,36.601],[128.535,36.614],[128.522,36.62],[128.525,36.629],[128.559,36.636],[128.571,36.648],[128.604,36.652],[128.601,36.679],[128.609,36.693],[128.59,36.7],[128.597,36.703],[128.598,36.715],[128.615,36.712],[128.637,36.719],[128.652,36.711],[128.667,36.713],[128.681,36.7],[128.699,36.707],[128.708,36.7],[128.737,36.698],[128.737,36.707],[128.729,36.714],[128.743,36.75],[128.735,36.764],[128.746,36.777],[128.737,36.784],[128.737,36.791],[128.748,36.809],[128.759,36.81],[128.765,36.802],[128.803,36.823],[128.809,36.817],[128.805,36.814]]]}},{"type":"Feature","properties":{"code":"KR-37050","name":"구미시","provinceCode":"KR-37","province":"경북","rarity":"COMMON"},"geometry":{"type":"Polygon","coordinates":[[[128.253,36.359],[128.277,36.358],[128.282,36.346],[128.301,36.345],[128.308,36.331],[128.317,36.332],[128.335,36.349],[128.366,36.338],[128.396,36.293],[128.426,36.275],[128.416,36.258],[128.418,36.246],[128.434,36.234],[128.441,36.218],[128.485,36.234],[128.48,36.224],[128.489,36.22],[128.503,36.185],[128.518,36.2],[128.537,36.195],[128.549,36.178],[128.557,36.177],[128.552,36.165],[128.54,36.161],[128.553,36.139],[128.549,36.131],[128.563,36.118],[128.563,36.111],[128.499,36.113],[128.493,36.125],[128.477,36.093],[128.464,36.081],[128.47,36.072],[128.429,36.08],[128.422,36.088],[128.409,36.083],[128.404,36.092],[128.395,36.091],[128.382,36.074],[128.386,36.07],[128.361,36.061],[128.331,36.091],[128.291,36.088],[128.292,36.095],[128.275,36.104],[128.296,36.132],[128.285,36.14],[128.296,36.166],[128.271,36.174],[128.271,36.196],[128.259,36.202],[128.243,36.197],[128.235,36.201],[128.234,36.227],[128.197,36.245],[128.172,36.246],[128.16,36.257],[128.137,36.257],[128.133,36.268],[128.14,36.286],[128.159,36.297],[128.206,36.299],[128.219,36.307],[128.229,36.303],[128.233,36.333],[128.253,36.359]]]}},{"type":"Feature","properties":{"code":"KR-37060","name":"영주시","provinceCode":"KR-37","province":"경북","rarity":"COMMON"},"geometry":{"type":"Polygon","coordinates":[[[128.653,37.066],[128.676,37.059],[128.709,37.039],[128.701,37.029],[128.702,37.013],[128.693,37.005],[128.693,36.974],[128.673,36.942],[128.665,36.943],[128.659,36.932],[128.671,36.919],[128.659,36.909],[128.65,36.911],[128.638,36.889],[128.644,36.88],[128.652,36.882],[128.656,36.87],[128.642,36.857],[128.657,36.852],[128.663,36.842],[128.674,36.843],[128.684,36.862],[128.727,36.866],[128.726,36.855],[128.737,36.839],[128.713,36.822],[128.728,36.819],[128.721,36.801],[128.728,36.79],[128.736,36.802],[128.743,36.798],[128.736,36.785],[128.746,36.777],[128.735,36.764],[128.743,36.75],[128.729,36.714],[128.737,36.707],[128.734,36.696],[128.699,36.707],[128.681,36.7],[128.667,36.713],[128.652,36.711],[128.631,36.72],[128.615,36.712],[128.598,36.715],[128.597,36.703],[128.589,36.701],[128.583,36.709],[128.584,36.724],[128.577,36.727],[128.578,36.733],[128.57,36.736],[128.566,36.752],[128.552,36.768],[128.52,36.772],[128.506,36.764],[128.475,36.777],[128.471,36.804],[128.482,36.835],[128.449,36.849],[128.448,36.864],[128.424,36.877],[128.445,36.914],[128.442,36.927],[128.46,36.934],[128.467,36.951],[128.507,36.97],[128.515,36.987],[128.555,36.998],[128.571,37.016],[128.568,37.034],[128.584,37.044],[128.607,37.043],[128.608,37.053],[128.633,37.041],[128.646,37.061],[128.653,37.066]]]}},{"type":"Feature","properties":{"code":"KR-37070","name":"영천시","provinceCode":"KR-37","province":"경북","rarity":"COMMON"},"geometry":{"type":"Polygon","coordinates":[[[128.92,36.185],[128.969,36.161],[128.994,36.168],[129.044,36.156],[129.063,36.143],[129.059,36.13],[129.071,36.115],[129.079,36.112],[129.098,36.122],[129.104,36.117],[129.094,36.097],[129.112,36.079],[129.128,36.081],[129.137,36.061],[129.151,36.055],[129.134,36.034],[129.144,36.01],[129.127,36.005],[129.115,36.014],[129.111,36.006],[129.116,35.962],[129.129,35.948],[129.134,35.928],[129.116,35.917],[129.098,35.939],[129.065,35.941],[129.055,35.92],[129.027,35.905],[129.033,35.871],[129.015,35.846],[128.985,35.834],[128.963,35.842],[128.946,35.831],[128.932,35.837],[128.91,35.832],[128.892,35.845],[128.883,35.843],[128.874,35.865],[128.859,35.878],[128.875,35.889],[128.855,35.9],[128.853,35.92],[128.862,35.929],[128.859,35.954],[128.837,35.968],[128.813,35.965],[128.812,35.973],[128.787,35.988],[128.77,35.983],[128.735,35.993],[128.723,36.006],[128.694,36.018],[128.704,36.058],[128.714,36.075],[128.727,36.077],[128.723,36.09],[128.744,36.102],[128.745,36.109],[128.754,36.091],[128.765,36.101],[128.789,36.086],[128.811,36.089],[128.851,36.118],[128.851,36.137],[128.859,36.145],[128.892,36.143],[128.892,36.155],[128.9,36.162],[128.894,36.169],[128.897,36.177],[128.92,36.185]]]}},{"type":"Feature","properties":{"code":"KR-37080","name":"상주시","provinceCode":"KR-37","province":"경북","rarity":"COMMON"},"geometry":{"type":"Polygon","coordinates":[[[127.876,36.656],[127.89,36.629],[127.907,36.626],[127.92,36.601],[127.933,36.591],[127.934,36.559],[127.94,36.551],[127.932,36.532],[127.977,36.513],[127.979,36.543],[128.005,36.551],[128.017,36.544],[128.054,36.546],[128.066,36.561],[128.056,36.583],[128.068,36.593],[128.072,36.605],[128.105,36.607],[128.116,36.621],[128.151,36.6],[128.177,36.596],[128.182,36.581],[128.207,36.579],[128.206,36.572],[128.219,36.575],[128.217,36.539],[128.236,36.53],[128.268,36.536],[128.271,36.519],[128.264,36.507],[128.27,36.487],[128.262,36.477],[128.279,36.472],[128.281,36.464],[128.295,36.465],[128.314,36.455],[128.326,36.44],[128.322,36.424],[128.334,36.42],[128.339,36.405],[128.326,36.386],[128.317,36.388],[128.31,36.364],[128.288,36.346],[128.277,36.35],[128.278,36.357],[128.27,36.362],[128.253,36.359],[128.232,36.332],[128.229,36.303],[128.219,36.307],[128.206,36.299],[128.17,36.3],[128.14,36.286],[128.133,36.27],[128.136,36.254],[128.121,36.253],[128.121,36.246],[128.11,36.237],[128.097,36.252],[128.076,36.242],[128.05,36.244],[128.047,36.257],[128.01,36.272],[127.981,36.264],[127.971,36.25],[127.96,36.252],[127.931,36.278],[127.908,36.286],[127.904,36.301],[127.883,36.274],[127.852,36.274],[127.841,36.31],[127.853,36.33],[127.883,36.346],[127.891,36.36],[127.88,36.371],[127.884,36.38],[127.876,36.391],[127.863,36.393],[127.864,36.403],[127.873,36.406],[127.883,36.422],[127.873,36.424],[127.872,36.441],[127.882,36.462],[127.876,36.488],[127.906,36.507],[127.902,36.528],[127.876,36.537],[127.87,36.559],[127.86,36.568],[127.824,36.571],[127.798,36.586],[127.796,36.595],[127.798,36.602],[127.821,36.613],[127.841,36.608],[127.858,36.614],[127.85,36.62],[127.847,36.634],[127.861,36.636],[127.876,36.656]]]}},{"type":"Feature","properties":{"code":"KR-37090","name":"문경시","provinceCode":"KR-37","province":"경북","rarity":"COMMON"},"geometry":{"type":"Polygon","coordinates":[[[128.241,36.872],[128.282,36.856],[128.287,36.845],[128.316,36.817],[128.353,36.812],[128.372,36.798],[128.363,36.761],[128.369,36.751],[128.359,36.741],[128.333,36.736],[128.336,36.711],[128.331,36.697],[128.337,36.694],[128.32,36.678],[128.335,36.659],[128.35,36.654],[128.348,36.647],[128.33,36.642],[128.32,36.646],[128.316,36.657],[128.309,36.656],[128.307,36.638],[128.289,36.63],[128.283,36.617],[128.27,36.615],[128.272,36.61],[128.262,36.611],[128.286,36.578],[128.296,36.578],[128.297,36.554],[128.265,36.552],[128.266,36.532],[128.23,36.532],[128.217,36.539],[128.219,36.575],[128.206,36.572],[128.207,36.579],[128.181,36.582],[128.177,36.596],[128.151,36.6],[128.12,36.622],[128.105,36.607],[128.072,36.605],[128.068,36.593],[128.056,36.583],[128.066,36.561],[128.054,36.546],[128.017,36.544],[128.005,36.551],[127.982,36.545],[127.977,36.513],[127.935,36.53],[127.93,36.536],[127.938,36.538],[127.94,36.551],[127.934,36.557],[127.937,36.57],[127.924,36.613],[127.932,36.619],[127.939,36.653],[127.932,36.655],[127.93,36.669],[127.918,36.668],[127.913,36.678],[127.875,36.683],[127.894,36.694],[127.929,36.691],[127.934,36.706],[127.95,36.708],[127.949,36.72],[127.961,36.737],[127.987,36.718],[128.002,36.717],[128.015,36.73],[128.049,36.708],[128.07,36.708],[128.068,36.722],[128.032,36.748],[128.055,36.793],[128.06,36.817],[128.072,36.815],[128.085,36.804],[128.084,36.799],[128.093,36.797],[128.093,36.803],[128.107,36.807],[128.11,36.821],[128.142,36.833],[128.153,36.822],[128.214,36.812],[128.213,36.849],[128.237,36.845],[128.235,36.863],[128.241,36.872]]]}},{"type":"Feature","properties":{"code":"KR-37100","name":"경산시","provinceCode":"KR-37","province":"경북","rarity":"COMMON"},"geometry":{"type":"Polygon","coordinates":[[[128.736,35.994],[128.77,35.983],[128.787,35.988],[128.812,35.973],[128.813,35.965],[128.837,35.968],[128.859,35.954],[128.862,35.929],[128.853,35.92],[128.855,35.9],[128.875,35.889],[128.859,35.878],[128.874,35.865],[128.883,35.843],[128.892,35.845],[128.91,35.832],[128.932,35.837],[128.946,35.831],[128.959,35.842],[128.97,35.84],[128.931,35.76],[128.914,35.758],[128.904,35.746],[128.895,35.764],[128.893,35.755],[128.876,35.748],[128.866,35.758],[128.855,35.757],[128.858,35.747],[128.85,35.741],[128.789,35.744],[128.786,35.733],[128.765,35.718],[128.766,35.702],[128.758,35.701],[128.738,35.709],[128.732,35.72],[128.715,35.721],[128.703,35.744],[128.694,35.744],[128.695,35.757],[128.686,35.769],[128.683,35.79],[128.718,35.807],[128.709,35.827],[128.725,35.836],[128.722,35.857],[128.739,35.851],[128.76,35.866],[128.76,35.907],[128.737,35.93],[128.744,35.944],[128.738,35.956],[128.746,35.973],[128.731,35.985],[128.736,35.994]]]}},{"type":"Feature","properties":{"code":"KR-37310","name":"군위군","provinceCode":"KR-37","province":"경북","rarity":"RARE"},"geometry":{"type":"Polygon","coordinates":[[[128.473,36.312],[128.546,36.292],[128.553,36.275],[128.595,36.278],[128.599,36.27],[128.636,36.262],[128.641,36.245],[128.633,36.239],[128.637,36.228],[128.632,36.216],[128.639,36.208],[128.66,36.221],[128.672,36.208],[128.694,36.214],[128.7,36.209],[128.696,36.202],[128.704,36.199],[128.735,36.201],[128.746,36.194],[128.758,36.203],[128.77,36.193],[128.796,36.191],[128.804,36.21],[128.831,36.218],[128.883,36.198],[128.881,36.19],[128.9,36.162],[128.89,36.143],[128.859,36.145],[128.851,36.137],[128.851,36.118],[128.802,36.086],[128.789,36.086],[128.766,36.101],[128.751,36.092],[128.752,36.103],[128.745,36.109],[128.744,36.102],[128.723,36.09],[128.727,36.077],[128.714,36.075],[128.704,36.058],[128.696,36.016],[128.651,36.007],[128.641,36.011],[128.621,36.025],[128.633,36.067],[128.628,36.079],[128.598,36.075],[128.594,36.063],[128.583,36.068],[128.569,36.059],[128.564,36.07],[128.569,36.088],[128.563,36.1],[128.564,36.116],[128.549,36.131],[128.553,36.139],[128.54,36.161],[128.552,36.165],[128.557,36.177],[128.549,36.178],[128.537,36.195],[128.523,36.201],[128.503,36.185],[128.489,36.22],[128.48,36.224],[128.485,36.234],[128.441,36.218],[128.434,36.234],[128.418,36.246],[128.416,36.258],[128.427,36.275],[128.41,36.287],[128.417,36.299],[128.439,36.305],[128.438,36.314],[128.452,36.327],[128.471,36.321],[128.473,36.312]]]}},{"type":"Feature","properties":{"code":"KR-37320","name":"의성군","provinceCode":"KR-37","province":"경북","rarity":"RARE"},"geometry":{"type":"Polygon","coordinates":[[[128.375,36.503],[128.419,36.523],[128.437,36.516],[128.434,36.502],[128.461,36.49],[128.464,36.499],[128.475,36.499],[128.476,36.514],[128.495,36.517],[128.506,36.5],[128.531,36.498],[128.551,36.489],[128.566,36.452],[128.577,36.44],[128.598,36.432],[128.597,36.41],[128.604,36.405],[128.61,36.418],[128.629,36.42],[128.63,36.427],[128.706,36.448],[128.704,36.466],[128.71,36.477],[128.719,36.482],[128.733,36.477],[128.747,36.489],[128.768,36.481],[128.782,36.465],[128.83,36.452],[128.834,36.427],[128.851,36.399],[128.85,36.388],[128.878,36.376],[128.872,36.367],[128.881,36.359],[128.877,36.345],[128.886,36.343],[128.893,36.324],[128.886,36.312],[128.892,36.305],[128.889,36.297],[128.879,36.295],[128.877,36.274],[128.863,36.274],[128.863,36.268],[128.847,36.261],[128.857,36.255],[128.882,36.253],[128.882,36.239],[128.869,36.232],[128.896,36.213],[128.895,36.204],[128.876,36.199],[128.871,36.205],[128.827,36.218],[128.804,36.21],[128.794,36.191],[128.77,36.193],[128.758,36.203],[128.746,36.194],[128.735,36.201],[128.704,36.199],[128.696,36.202],[128.7,36.209],[128.694,36.214],[128.672,36.208],[128.66,36.221],[128.639,36.208],[128.632,36.216],[128.641,36.258],[128.624,36.267],[128.579,36.28],[128.553,36.275],[128.546,36.292],[128.484,36.307],[128.473,36.312],[128.471,36.321],[128.454,36.327],[128.438,36.314],[128.439,36.305],[128.417,36.299],[128.409,36.287],[128.396,36.293],[128.389,36.31],[128.38,36.312],[128.379,36.323],[128.362,36.34],[128.335,36.349],[128.317,36.332],[128.305,36.332],[128.301,36.345],[128.288,36.346],[128.31,36.364],[128.317,36.388],[128.326,36.386],[128.339,36.405],[128.334,36.42],[128.322,36.424],[128.326,36.44],[128.309,36.465],[128.339,36.49],[128.336,36.499],[128.346,36.514],[128.342,36.525],[128.359,36.533],[128.366,36.53],[128.375,36.503]]]}},{"type":"Feature","properties":{"code":"KR-37330","name":"청송군","provinceCode":"KR-37","province":"경북","rarity":"LEGEND"},"geometry":{"type":"Polygon","coordinates":[[[129,36.594],[129.046,36.58],[129.051,36.557],[129.068,36.542],[129.108,36.546],[129.128,36.534],[129.129,36.504],[129.152,36.5],[129.148,36.476],[129.171,36.436],[129.188,36.427],[129.202,36.429],[129.212,36.408],[129.227,36.398],[129.22,36.387],[129.228,36.38],[129.216,36.361],[129.224,36.347],[129.244,36.346],[129.253,36.339],[129.252,36.322],[129.225,36.305],[129.229,36.296],[129.221,36.288],[129.227,36.277],[129.207,36.267],[129.198,36.245],[129.173,36.225],[129.147,36.239],[129.133,36.262],[129.102,36.265],[129.093,36.274],[129.078,36.277],[129.052,36.262],[129.06,36.253],[129.076,36.25],[129.082,36.235],[129.066,36.227],[129.065,36.22],[129.042,36.222],[129.026,36.183],[128.998,36.179],[128.989,36.168],[128.969,36.161],[128.92,36.185],[128.895,36.173],[128.881,36.19],[128.883,36.198],[128.895,36.204],[128.896,36.213],[128.869,36.232],[128.882,36.239],[128.882,36.253],[128.857,36.255],[128.847,36.263],[128.863,36.268],[128.863,36.274],[128.877,36.274],[128.88,36.296],[128.905,36.296],[128.931,36.306],[128.934,36.319],[128.951,36.336],[128.962,36.339],[128.966,36.359],[128.962,36.367],[128.984,36.407],[128.968,36.462],[128.974,36.468],[128.985,36.464],[128.975,36.484],[128.984,36.488],[128.997,36.507],[128.973,36.53],[128.975,36.544],[128.992,36.549],[128.98,36.565],[129,36.594]]]}},{"type":"Feature","properties":{"code":"KR-37340","name":"영양군","provinceCode":"KR-37","province":"경북","rarity":"LEGEND"},"geometry":{"type":"Polygon","coordinates":[[[129.169,36.881],[129.192,36.879],[129.206,36.856],[129.211,36.864],[129.218,36.858],[129.232,36.863],[129.226,36.856],[129.24,36.852],[129.255,36.859],[129.257,36.873],[129.279,36.874],[129.285,36.864],[129.276,36.859],[129.273,36.833],[129.289,36.832],[129.294,36.825],[129.288,36.809],[129.314,36.781],[129.297,36.768],[129.295,36.753],[129.272,36.745],[129.272,36.725],[129.295,36.719],[129.276,36.692],[129.279,36.682],[129.232,36.66],[129.23,36.648],[129.239,36.635],[129.239,36.623],[129.231,36.62],[129.231,36.604],[129.223,36.604],[129.217,36.589],[129.231,36.583],[129.237,36.567],[129.246,36.563],[129.236,36.534],[129.248,36.51],[129.227,36.514],[129.224,36.489],[129.214,36.5],[129.189,36.5],[129.181,36.508],[129.133,36.501],[129.128,36.534],[129.108,36.546],[129.068,36.542],[129.051,36.557],[129.046,36.58],[129,36.594],[128.991,36.624],[128.99,36.648],[128.997,36.655],[128.989,36.674],[129,36.717],[128.987,36.736],[128.992,36.756],[128.984,36.764],[128.985,36.773],[129.036,36.789],[129.066,36.819],[129.08,36.818],[129.099,36.828],[129.121,36.847],[129.136,36.873],[129.156,36.878],[129.163,36.874],[129.169,36.881]]]}},{"type":"Feature","properties":{"code":"KR-37350","name":"영덕군","provinceCode":"KR-37","province":"경북","rarity":"RARE"},"geometry":{"type":"Polygon","coordinates":[[[129.266,36.674],[129.327,36.667],[129.354,36.651],[129.384,36.669],[129.397,36.666],[129.423,36.644],[129.412,36.622],[129.416,36.603],[129.411,36.591],[129.44,36.552],[129.444,36.512],[129.453,36.508],[129.447,36.504],[129.444,36.489],[129.433,36.481],[129.436,36.426],[129.429,36.409],[129.407,36.388],[129.379,36.333],[129.38,36.294],[129.375,36.288],[129.381,36.275],[129.376,36.268],[129.354,36.273],[129.339,36.267],[129.316,36.272],[129.304,36.268],[129.291,36.279],[129.285,36.298],[129.298,36.31],[129.298,36.324],[129.285,36.333],[129.275,36.328],[129.268,36.331],[129.267,36.321],[129.252,36.322],[129.253,36.339],[129.244,36.346],[129.224,36.347],[129.216,36.364],[129.228,36.38],[129.22,36.387],[129.227,36.398],[129.212,36.408],[129.202,36.429],[129.188,36.427],[129.172,36.434],[129.148,36.478],[129.151,36.499],[129.161,36.504],[129.176,36.508],[129.189,36.5],[129.205,36.503],[129.224,36.489],[129.227,36.514],[129.248,36.51],[129.236,36.534],[129.246,36.563],[129.237,36.567],[129.231,36.583],[129.217,36.589],[129.223,36.604],[129.231,36.604],[129.231,36.62],[129.239,36.623],[129.239,36.635],[129.23,36.648],[129.233,36.662],[129.266,36.674]]]}},{"type":"Feature","properties":{"code":"KR-37360","name":"청도군","provinceCode":"KR-37","province":"경북","rarity":"RARE"},"geometry":{"type":"Polygon","coordinates":[[[129.016,35.843],[128.99,35.8],[128.997,35.778],[128.975,35.772],[128.973,35.737],[128.998,35.717],[129.004,35.695],[129.022,35.689],[129.037,35.695],[129.035,35.675],[129.047,35.651],[129.037,35.632],[129.021,35.635],[128.987,35.609],[128.961,35.616],[128.941,35.635],[128.915,35.641],[128.889,35.629],[128.881,35.635],[128.845,35.59],[128.826,35.597],[128.802,35.589],[128.788,35.567],[128.758,35.567],[128.725,35.581],[128.703,35.578],[128.688,35.595],[128.656,35.598],[128.637,35.585],[128.603,35.58],[128.573,35.593],[128.569,35.602],[128.561,35.603],[128.559,35.615],[128.537,35.624],[128.537,35.66],[128.527,35.674],[128.534,35.703],[128.528,35.713],[128.565,35.737],[128.582,35.738],[128.59,35.732],[128.612,35.739],[128.614,35.71],[128.624,35.702],[128.664,35.721],[128.683,35.721],[128.692,35.733],[128.689,35.74],[128.703,35.744],[128.715,35.721],[128.732,35.72],[128.743,35.706],[128.766,35.701],[128.765,35.718],[128.786,35.733],[128.789,35.744],[128.85,35.741],[128.858,35.747],[128.855,35.757],[128.866,35.758],[128.876,35.748],[128.893,35.755],[128.895,35.764],[128.904,35.746],[128.914,35.758],[128.931,35.76],[128.956,35.801],[128.955,35.814],[128.966,35.835],[128.985,35.834],[129.016,35.843]]]}},{"type":"Feature","properties":{"code":"KR-37370","name":"고령군","provinceCode":"KR-37","province":"경북","rarity":"RARE"},"geometry":{"type":"Polygon","coordinates":[[[128.388,35.852],[128.45,35.847],[128.469,35.84],[128.483,35.821],[128.47,35.806],[128.421,35.809],[128.383,35.76],[128.391,35.748],[128.432,35.726],[128.432,35.705],[128.412,35.696],[128.359,35.709],[128.352,35.704],[128.362,35.676],[128.4,35.646],[128.401,35.633],[128.388,35.618],[128.365,35.613],[128.352,35.645],[128.324,35.647],[128.306,35.655],[128.279,35.652],[128.262,35.643],[128.242,35.655],[128.236,35.641],[128.23,35.639],[128.201,35.644],[128.186,35.658],[128.16,35.655],[128.164,35.673],[128.179,35.673],[128.184,35.68],[128.205,35.684],[128.198,35.736],[128.189,35.752],[128.162,35.77],[128.179,35.787],[128.162,35.805],[128.165,35.813],[128.178,35.819],[128.21,35.816],[128.217,35.792],[128.251,35.78],[128.25,35.79],[128.262,35.796],[128.271,35.792],[128.274,35.825],[128.282,35.827],[128.305,35.812],[128.321,35.812],[128.338,35.797],[128.366,35.793],[128.369,35.817],[128.379,35.823],[128.373,35.835],[128.393,35.839],[128.388,35.852]]]}},{"type":"Feature","properties":{"code":"KR-37380","name":"성주군","provinceCode":"KR-37","province":"경북","rarity":"RARE"},"geometry":{"type":"Polygon","coordinates":[[[128.241,36.049],[128.257,36.052],[128.29,36.044],[128.296,36.031],[128.31,36.029],[128.317,36.019],[128.311,36.006],[128.319,35.983],[128.339,35.976],[128.348,35.955],[128.36,35.956],[128.369,35.942],[128.396,35.941],[128.399,35.896],[128.383,35.861],[128.393,35.839],[128.373,35.835],[128.379,35.823],[128.369,35.817],[128.367,35.794],[128.338,35.797],[128.321,35.812],[128.305,35.812],[128.288,35.826],[128.276,35.827],[128.274,35.796],[128.25,35.79],[128.25,35.78],[128.217,35.792],[128.21,35.816],[128.178,35.819],[128.163,35.808],[128.179,35.787],[128.164,35.777],[128.154,35.786],[128.138,35.784],[128.129,35.789],[128.122,35.803],[128.123,35.822],[128.077,35.84],[128.073,35.851],[128.087,35.872],[128.071,35.879],[128.067,35.896],[128.057,35.902],[128.061,35.907],[128.049,35.92],[128.049,35.937],[128.056,35.942],[128.071,35.936],[128.074,35.928],[128.088,35.921],[128.091,35.951],[128.111,35.965],[128.118,35.959],[128.151,35.966],[128.158,35.987],[128.169,35.99],[128.166,36.002],[128.173,36.014],[128.164,36.032],[128.194,36.032],[128.194,36.045],[128.209,36.046],[128.223,36.055],[128.241,36.049]]]}},{"type":"Feature","properties":{"code":"KR-37390","name":"칠곡군","provinceCode":"KR-37","province":"경북","rarity":"RARE"},"geometry":{"type":"Polygon","coordinates":[[[128.5,36.113],[128.565,36.11],[128.563,36.1],[128.569,36.088],[128.564,36.07],[128.569,36.058],[128.583,36.068],[128.594,36.063],[128.598,36.075],[128.63,36.078],[128.633,36.067],[128.621,36.025],[128.641,36.011],[128.619,36.006],[128.59,35.979],[128.557,35.972],[128.553,35.961],[128.543,35.975],[128.529,35.98],[128.534,35.935],[128.529,35.924],[128.508,35.907],[128.502,35.887],[128.491,35.898],[128.475,35.894],[128.468,35.899],[128.465,35.909],[128.473,35.914],[128.476,35.934],[128.454,35.943],[128.45,35.935],[128.425,35.928],[128.407,35.901],[128.399,35.899],[128.396,35.942],[128.369,35.942],[128.36,35.956],[128.348,35.955],[128.339,35.976],[128.319,35.983],[128.311,36.006],[128.317,36.019],[128.31,36.029],[128.296,36.031],[128.291,36.038],[128.301,36.062],[128.285,36.081],[128.293,36.088],[128.331,36.091],[128.361,36.061],[128.386,36.07],[128.382,36.074],[128.395,36.091],[128.405,36.092],[128.409,36.083],[128.422,36.088],[128.429,36.08],[128.463,36.07],[128.47,36.072],[128.464,36.081],[128.477,36.093],[128.491,36.124],[128.5,36.113]]]}},{"type":"Feature","properties":{"code":"KR-37400","name":"예천군","provinceCode":"KR-37","province":"경북","rarity":"RARE"},"geometry":{"type":"Polygon","coordinates":[[[128.449,36.849],[128.482,36.835],[128.471,36.804],[128.475,36.777],[128.506,36.764],[128.537,36.774],[128.561,36.76],[128.57,36.736],[128.584,36.724],[128.583,36.709],[128.591,36.698],[128.609,36.693],[128.601,36.679],[128.604,36.652],[128.571,36.648],[128.559,36.636],[128.525,36.629],[128.522,36.62],[128.535,36.614],[128.529,36.601],[128.513,36.6],[128.503,36.607],[128.494,36.6],[128.491,36.588],[128.499,36.585],[128.492,36.57],[128.455,36.554],[128.465,36.538],[128.436,36.523],[128.419,36.523],[128.376,36.503],[128.367,36.529],[128.358,36.533],[128.341,36.524],[128.346,36.514],[128.336,36.499],[128.339,36.49],[128.31,36.467],[128.314,36.455],[128.295,36.465],[128.281,36.464],[128.279,36.472],[128.262,36.477],[128.27,36.487],[128.264,36.507],[128.271,36.519],[128.262,36.546],[128.265,36.552],[128.297,36.554],[128.296,36.578],[128.286,36.578],[128.262,36.611],[128.272,36.61],[128.27,36.615],[128.283,36.617],[128.289,36.63],[128.307,36.638],[128.309,36.656],[128.316,36.657],[128.32,36.646],[128.33,36.642],[128.348,36.646],[128.35,36.654],[128.335,36.659],[128.32,36.678],[128.337,36.694],[128.331,36.697],[128.336,36.711],[128.333,36.736],[128.359,36.741],[128.369,36.751],[128.363,36.761],[128.372,36.796],[128.368,36.802],[128.383,36.814],[128.421,36.812],[128.449,36.849]]]}},{"type":"Feature","properties":{"code":"KR-37410","name":"봉화군","provinceCode":"KR-37","province":"경북","rarity":"LEGEND"},"geometry":{"type":"Polygon","coordinates":[[[129.097,37.1],[129.166,37.069],[129.185,37.047],[129.184,37.038],[129.167,37.022],[129.159,37.02],[129.132,37.034],[129.085,37.009],[129.095,37.007],[129.089,36.999],[129.095,36.975],[129.091,36.962],[129.083,36.964],[129.077,36.956],[129.088,36.951],[129.084,36.946],[129.104,36.945],[129.111,36.934],[129.137,36.927],[129.147,36.913],[129.144,36.899],[129.148,36.89],[129.156,36.888],[129.155,36.878],[129.136,36.873],[129.121,36.847],[129.099,36.828],[129.08,36.818],[129.066,36.819],[129.036,36.789],[128.985,36.773],[128.991,36.748],[128.964,36.752],[128.949,36.772],[128.919,36.767],[128.905,36.776],[128.89,36.772],[128.863,36.799],[128.844,36.803],[128.84,36.809],[128.822,36.81],[128.812,36.796],[128.803,36.823],[128.765,36.802],[128.759,36.81],[128.748,36.809],[128.743,36.798],[128.736,36.802],[128.728,36.79],[128.721,36.801],[128.728,36.819],[128.713,36.822],[128.737,36.839],[128.726,36.855],[128.727,36.866],[128.684,36.862],[128.674,36.843],[128.663,36.842],[128.657,36.852],[128.642,36.857],[128.656,36.87],[128.652,36.882],[128.644,36.88],[128.638,36.889],[128.65,36.911],[128.659,36.909],[128.671,36.919],[128.659,36.932],[128.665,36.943],[128.673,36.942],[128.693,36.974],[128.693,37.005],[128.702,37.013],[128.702,37.032],[128.719,37.044],[128.754,37.028],[128.763,37.038],[128.752,37.056],[128.757,37.069],[128.765,37.064],[128.78,37.092],[128.799,37.087],[128.8,37.079],[128.808,37.076],[128.829,37.078],[128.832,37.067],[128.847,37.052],[128.872,37.044],[128.879,37.053],[128.896,37.045],[128.898,37.058],[128.91,37.066],[128.923,37.092],[128.946,37.094],[128.959,37.078],[128.989,37.084],[129.037,37.076],[129.057,37.065],[129.067,37.074],[129.07,37.088],[129.097,37.1]]]}},{"type":"Feature","properties":{"code":"KR-37420","name":"울진군","provinceCode":"KR-37","province":"경북","rarity":"RARE"},"geometry":{"type":"Polygon","coordinates":[[[129.425,37.054],[129.422,37.058],[129.415,37.053],[129.416,37.036],[129.409,37.028],[129.418,36.999],[129.408,36.98],[129.421,36.941],[129.415,36.916],[129.421,36.898],[129.415,36.89],[129.428,36.851],[129.457,36.814],[129.462,36.789],[129.478,36.768],[129.468,36.757],[129.477,36.728],[129.472,36.721],[129.475,36.698],[129.469,36.695],[129.465,36.68],[129.457,36.673],[129.459,36.682],[129.439,36.671],[129.423,36.644],[129.397,36.666],[129.384,36.669],[129.354,36.651],[129.327,36.667],[129.275,36.671],[129.269,36.674],[129.279,36.682],[129.276,36.692],[129.295,36.719],[129.272,36.725],[129.272,36.745],[129.295,36.753],[129.297,36.768],[129.314,36.781],[129.288,36.809],[129.294,36.825],[129.289,36.832],[129.273,36.833],[129.276,36.859],[129.285,36.865],[129.277,36.875],[129.262,36.871],[129.263,36.876],[129.256,36.872],[129.255,36.859],[129.24,36.852],[129.226,36.856],[129.232,36.863],[129.218,36.858],[129.211,36.864],[129.206,36.856],[129.191,36.88],[129.169,36.881],[129.159,36.875],[129.156,36.888],[129.148,36.89],[129.147,36.913],[129.137,36.927],[129.111,36.934],[129.104,36.945],[129.084,36.946],[129.088,36.951],[129.077,36.956],[129.083,36.964],[129.091,36.962],[129.095,36.975],[129.089,36.999],[129.095,37.007],[129.085,37.009],[129.132,37.034],[129.159,37.02],[129.185,37.042],[129.225,37.045],[129.238,37.039],[129.225,37.074],[129.249,37.096],[129.266,37.102],[129.272,37.117],[129.295,37.114],[129.302,37.128],[129.34,37.147],[129.364,37.146],[129.375,37.135],[129.371,37.127],[129.38,37.119],[129.374,37.111],[129.386,37.1],[129.382,37.102],[129.38,37.099],[129.427,37.064],[129.43,37.058],[129.425,37.054]]]}},{"type":"Feature","properties":{"code":"KR-37430","name":"울릉군","provinceCode":"KR-37","province":"경북","rarity":"LEGEND"},"geometry":{"type":"Polygon","coordinates":[[[130.903,37.549],[130.92,37.541],[130.908,37.528],[130.918,37.513],[130.91,37.495],[130.913,37.491],[130.914,37.497],[130.914,37.487],[130.921,37.486],[130.884,37.471],[130.875,37.454],[130.812,37.474],[130.802,37.484],[130.805,37.504],[130.793,37.514],[130.794,37.523],[130.802,37.519],[130.874,37.543],[130.892,37.541],[130.903,37.549]]]}},{"type":"Feature","properties":{"code":"KR-38030","name":"진주시","provinceCode":"KR-38","province":"경남","rarity":"COMMON"},"geometry":{"type":"Polygon","coordinates":[[[128.157,35.35],[128.179,35.321],[128.173,35.314],[128.174,35.293],[128.196,35.266],[128.194,35.256],[128.201,35.254],[128.212,35.265],[128.238,35.254],[128.294,35.253],[128.299,35.25],[128.294,35.241],[128.306,35.234],[128.307,35.222],[128.32,35.221],[128.329,35.207],[128.357,35.207],[128.368,35.191],[128.359,35.147],[128.363,35.14],[128.348,35.127],[128.334,35.125],[128.274,35.132],[128.247,35.128],[128.228,35.114],[128.212,35.115],[128.188,35.089],[128.191,35.077],[128.211,35.073],[128.187,35.052],[128.172,35.052],[128.148,35.078],[128.169,35.084],[128.172,35.095],[128.147,35.114],[128.124,35.116],[128.091,35.101],[128.088,35.119],[128.051,35.131],[128.043,35.121],[128.028,35.123],[128.003,35.114],[127.999,35.155],[127.969,35.159],[127.963,35.153],[127.958,35.158],[127.939,35.153],[127.938,35.168],[127.895,35.197],[127.89,35.228],[127.909,35.224],[127.911,35.24],[127.921,35.252],[127.948,35.242],[127.967,35.247],[127.974,35.27],[127.985,35.274],[127.986,35.287],[127.996,35.286],[128.015,35.303],[128.043,35.305],[128.052,35.313],[128.059,35.334],[128.08,35.337],[128.116,35.33],[128.157,35.35]]]}},{"type":"Feature","properties":{"code":"KR-38050","name":"통영시","provinceCode":"KR-38","province":"경남","rarity":"COMMON"},"geometry":{"type":"MultiPolygon","coordinates":[[[[128.228,34.649],[128.248,34.652],[128.276,34.639],[128.265,34.634],[128.275,34.625],[128.284,34.639],[128.299,34.639],[128.286,34.626],[128.289,34.621],[128.276,34.619],[128.264,34.628],[128.239,34.611],[128.231,34.617],[128.243,34.62],[128.235,34.628],[128.238,34.635],[128.228,34.631],[128.224,34.638],[128.235,34.64],[128.228,34.649]]],[[[128.168,34.707],[128.199,34.706],[128.202,34.691],[128.195,34.686],[128.196,34.691],[128.183,34.691],[128.168,34.701],[128.168,34.707]]],[[[128.494,34.75],[128.514,34.734],[128.504,34.732],[128.502,34.738],[128.495,34.732],[128.466,34.741],[128.494,34.75]]],[[[128.481,34.816],[128.48,34.808],[128.487,34.812],[128.485,34.807],[128.492,34.801],[128.493,34.782],[128.505,34.784],[128.51,34.778],[128.508,34.767],[128.491,34.758],[128.467,34.761],[128.473,34.776],[128.46,34.787],[128.462,34.805],[128.468,34.801],[128.466,34.788],[128.473,34.803],[128.485,34.798],[128.478,34.806],[128.469,34.805],[128.466,34.813],[128.469,34.818],[128.481,34.816]]],[[[128.238,34.838],[128.266,34.815],[128.255,34.808],[128.238,34.811],[128.245,34.801],[128.242,34.795],[128.237,34.801],[128.224,34.801],[128.224,34.808],[128.21,34.808],[128.216,34.813],[128.199,34.819],[128.201,34.825],[128.214,34.821],[128.207,34.827],[128.218,34.839],[128.238,34.838]]],[[[128.348,34.842],[128.356,34.832],[128.378,34.829],[128.385,34.814],[128.384,34.83],[128.393,34.823],[128.421,34.836],[128.435,34.825],[128.441,34.828],[128.442,34.804],[128.436,34.803],[128.434,34.809],[128.431,34.802],[128.44,34.795],[128.434,34.789],[128.42,34.792],[128.436,34.781],[128.424,34.771],[128.424,34.762],[128.398,34.765],[128.397,34.78],[128.386,34.78],[128.391,34.786],[128.384,34.797],[128.375,34.789],[128.364,34.796],[128.372,34.803],[128.378,34.799],[128.379,34.815],[128.357,34.825],[128.335,34.818],[128.33,34.83],[128.337,34.827],[128.333,34.834],[128.34,34.828],[128.338,34.843],[128.344,34.831],[128.348,34.842]]],[[[128.2,34.86],[128.232,34.845],[128.204,34.842],[128.192,34.827],[128.182,34.827],[128.183,34.836],[128.168,34.841],[128.168,34.852],[128.2,34.86]]],[[[128.432,34.976],[128.444,34.968],[128.429,34.957],[128.43,34.945],[128.425,34.941],[128.436,34.932],[128.428,34.928],[128.429,34.914],[128.418,34.91],[128.426,34.904],[128.418,34.892],[128.421,34.873],[128.433,34.877],[128.432,34.888],[128.446,34.888],[128.439,34.893],[128.451,34.903],[128.44,34.913],[128.453,34.915],[128.461,34.905],[128.454,34.901],[128.475,34.89],[128.469,34.887],[128.466,34.871],[128.455,34.881],[128.456,34.865],[128.447,34.866],[128.452,34.847],[128.434,34.845],[128.44,34.84],[128.435,34.838],[128.425,34.844],[128.425,34.84],[128.393,34.829],[128.393,34.834],[128.383,34.836],[128.388,34.843],[128.377,34.84],[128.37,34.85],[128.389,34.863],[128.418,34.859],[128.419,34.865],[128.386,34.868],[128.391,34.874],[128.381,34.873],[128.385,34.882],[128.376,34.891],[128.379,34.883],[128.369,34.885],[128.374,34.869],[128.356,34.871],[128.357,34.88],[128.349,34.887],[128.348,34.873],[128.341,34.882],[128.328,34.876],[128.328,34.886],[128.317,34.88],[128.298,34.9],[128.309,34.909],[128.35,34.906],[128.355,34.919],[128.346,34.922],[128.351,34.924],[128.335,34.921],[128.345,34.929],[128.347,34.94],[128.381,34.947],[128.401,34.971],[128.416,34.967],[128.432,34.976]]]]}},{"type":"Feature","properties":{"code":"KR-38060","name":"사천시","provinceCode":"KR-38","province":"경남","rarity":"COMMON"},"geometry":{"type":"Polygon","coordinates":[[[128.022,35.031],[128.006,35.033],[128.019,35.041],[128.01,35.05],[128.014,35.04],[127.987,35.047],[127.976,35.033],[127.996,35.038],[127.994,35.032],[128.009,35.022],[128.008,35.013],[128.018,35.01],[128.015,34.992],[128.008,34.996],[128.008,34.982],[128.005,34.988],[128,34.984],[127.998,34.996],[127.995,34.984],[127.988,34.988],[127.988,34.977],[127.983,34.976],[127.973,34.993],[127.965,34.995],[127.957,34.985],[127.947,34.984],[127.953,34.976],[127.935,34.982],[127.94,34.985],[127.932,34.992],[127.941,35.004],[127.923,35.014],[127.921,35.023],[127.931,35.049],[127.894,35.087],[127.902,35.088],[127.902,35.095],[127.909,35.098],[127.899,35.107],[127.911,35.121],[127.885,35.13],[127.879,35.146],[127.899,35.157],[127.93,35.145],[127.939,35.153],[127.979,35.159],[127.999,35.155],[128.003,35.114],[128.028,35.123],[128.043,35.121],[128.051,35.131],[128.088,35.119],[128.091,35.101],[128.118,35.114],[128.143,35.116],[128.172,35.095],[128.169,35.084],[128.149,35.075],[128.172,35.052],[128.184,35.051],[128.18,35.039],[128.161,35.02],[128.158,35.006],[128.17,34.985],[128.143,34.99],[128.134,34.98],[128.123,34.939],[128.114,34.934],[128.12,34.922],[128.101,34.925],[128.098,34.92],[128.096,34.926],[128.089,34.919],[128.083,34.917],[128.088,34.926],[128.08,34.928],[128.074,34.923],[128.055,34.929],[128.03,34.958],[128.051,34.97],[128.039,34.997],[128.05,35.016],[128.043,35.025],[128.04,35.016],[128.035,35.024],[128.042,35.031],[128.039,35.057],[128.061,35.079],[128.035,35.077],[128.041,35.072],[128.033,35.069],[128.035,35.063],[128.026,35.057],[128.031,35.05],[128.022,35.031]]]}},{"type":"Feature","properties":{"code":"KR-38070","name":"김해시","provinceCode":"KR-38","province":"경남","rarity":"COMMON"},"geometry":{"type":"Polygon","coordinates":[[[128.86,35.396],[128.869,35.392],[128.88,35.368],[128.913,35.364],[128.946,35.338],[128.969,35.328],[128.981,35.299],[129.015,35.271],[128.999,35.238],[128.974,35.227],[128.94,35.227],[128.92,35.216],[128.909,35.223],[128.908,35.217],[128.879,35.21],[128.87,35.202],[128.882,35.182],[128.881,35.172],[128.872,35.172],[128.881,35.161],[128.874,35.159],[128.874,35.151],[128.865,35.158],[128.872,35.163],[128.867,35.168],[128.828,35.156],[128.816,35.16],[128.786,35.157],[128.763,35.169],[128.741,35.167],[128.751,35.201],[128.728,35.207],[128.723,35.214],[128.726,35.24],[128.711,35.263],[128.702,35.298],[128.692,35.308],[128.715,35.31],[128.711,35.315],[128.718,35.326],[128.739,35.317],[128.75,35.339],[128.753,35.334],[128.764,35.346],[128.786,35.351],[128.807,35.376],[128.86,35.396]]]}},{"type":"Feature","properties":{"code":"KR-38080","name":"밀양시","provinceCode":"KR-38","province":"경남","rarity":"COMMON"},"geometry":{"type":"Polygon","coordinates":[[[128.951,35.63],[128.961,35.616],[128.983,35.609],[129.003,35.62],[129.022,35.614],[129.023,35.591],[128.996,35.568],[128.971,35.56],[128.981,35.546],[128.989,35.552],[128.999,35.54],[128.99,35.517],[128.977,35.508],[128.959,35.505],[128.968,35.49],[128.963,35.485],[128.968,35.467],[128.95,35.454],[128.919,35.452],[128.91,35.445],[128.906,35.437],[128.924,35.421],[128.913,35.414],[128.904,35.42],[128.891,35.415],[128.89,35.404],[128.879,35.398],[128.881,35.387],[128.875,35.382],[128.86,35.396],[128.807,35.376],[128.786,35.351],[128.775,35.346],[128.743,35.348],[128.689,35.378],[128.651,35.375],[128.65,35.386],[128.639,35.385],[128.65,35.398],[128.647,35.431],[128.636,35.435],[128.626,35.452],[128.615,35.446],[128.577,35.46],[128.571,35.492],[128.578,35.506],[128.586,35.507],[128.592,35.515],[128.577,35.537],[128.593,35.54],[128.584,35.567],[128.59,35.584],[128.637,35.585],[128.656,35.598],[128.689,35.594],[128.703,35.578],[128.724,35.582],[128.757,35.568],[128.786,35.567],[128.803,35.589],[128.834,35.597],[128.845,35.59],[128.881,35.635],[128.892,35.629],[128.915,35.641],[128.951,35.63]]]}},{"type":"Feature","properties":{"code":"KR-38090","name":"거제시","provinceCode":"KR-38","province":"경남","rarity":"COMMON"},"geometry":{"type":"MultiPolygon","coordinates":[[[[128.517,34.975],[128.536,34.966],[128.521,34.956],[128.534,34.942],[128.526,34.94],[128.53,34.93],[128.525,34.928],[128.512,34.943],[128.519,34.952],[128.512,34.965],[128.517,34.975]]],[[[128.653,35.011],[128.644,34.979],[128.629,34.976],[128.631,34.981],[128.622,34.983],[128.617,34.974],[128.609,34.975],[128.613,34.986],[128.627,34.993],[128.616,34.995],[128.617,35],[128.634,34.999],[128.631,35.009],[128.638,35.015],[128.643,35.012],[128.649,35.022],[128.653,35.011]]],[[[128.674,34.787],[128.658,34.774],[128.645,34.778],[128.638,34.764],[128.653,34.742],[128.669,34.745],[128.681,34.74],[128.676,34.729],[128.672,34.739],[128.654,34.74],[128.651,34.734],[128.629,34.731],[128.627,34.737],[128.62,34.73],[128.642,34.715],[128.638,34.708],[128.626,34.714],[128.61,34.702],[128.59,34.709],[128.577,34.703],[128.579,34.715],[128.588,34.717],[128.585,34.723],[128.607,34.732],[128.576,34.739],[128.58,34.762],[128.601,34.764],[128.592,34.771],[128.598,34.777],[128.575,34.779],[128.564,34.766],[128.555,34.767],[128.553,34.776],[128.569,34.786],[128.557,34.789],[128.543,34.775],[128.545,34.785],[128.539,34.787],[128.584,34.798],[128.585,34.818],[128.595,34.828],[128.579,34.843],[128.587,34.841],[128.589,34.847],[128.573,34.854],[128.562,34.843],[128.564,34.833],[128.524,34.832],[128.528,34.829],[128.521,34.827],[128.528,34.821],[128.52,34.823],[128.524,34.817],[128.511,34.809],[128.501,34.824],[128.505,34.835],[128.482,34.84],[128.473,34.872],[128.492,34.901],[128.502,34.902],[128.497,34.907],[128.507,34.905],[128.5,34.911],[128.516,34.91],[128.528,34.924],[128.569,34.898],[128.576,34.902],[128.572,34.909],[128.582,34.913],[128.582,34.913],[128.579,34.913],[128.578,34.914],[128.577,34.918],[128.588,34.915],[128.591,34.906],[128.596,34.906],[128.595,34.914],[128.597,34.903],[128.599,34.914],[128.601,34.903],[128.608,34.907],[128.606,34.898],[128.611,34.902],[128.618,34.891],[128.624,34.892],[128.617,34.914],[128.608,34.915],[128.611,34.923],[128.586,34.943],[128.588,34.953],[128.597,34.951],[128.598,34.966],[128.606,34.97],[128.611,34.966],[128.605,34.958],[128.632,34.961],[128.633,34.967],[128.649,34.957],[128.65,34.979],[128.66,34.981],[128.654,34.989],[128.667,34.988],[128.66,34.998],[128.671,34.999],[128.674,34.988],[128.681,34.99],[128.673,34.999],[128.682,35.001],[128.682,35.007],[128.667,35.008],[128.675,35.032],[128.685,35.034],[128.679,35.041],[128.694,35.03],[128.699,35.037],[128.712,35.032],[128.72,35.019],[128.718,35.01],[128.702,35.006],[128.707,34.996],[128.693,34.996],[128.701,34.991],[128.697,34.973],[128.717,34.964],[128.715,34.958],[128.727,34.946],[128.726,34.937],[128.72,34.941],[128.715,34.936],[128.724,34.915],[128.72,34.909],[128.71,34.911],[128.717,34.901],[128.697,34.891],[128.695,34.879],[128.698,34.884],[128.701,34.886],[128.698,34.875],[128.708,34.881],[128.71,34.869],[128.726,34.888],[128.72,34.895],[128.74,34.885],[128.753,34.894],[128.739,34.878],[128.744,34.868],[128.733,34.862],[128.724,34.865],[128.735,34.843],[128.725,34.842],[128.718,34.85],[128.702,34.839],[128.71,34.828],[128.716,34.836],[128.721,34.838],[128.726,34.828],[128.718,34.824],[128.722,34.814],[128.737,34.799],[128.74,34.787],[128.71,34.795],[128.715,34.801],[128.71,34.812],[128.696,34.806],[128.699,34.798],[128.69,34.797],[128.692,34.808],[128.673,34.814],[128.666,34.811],[128.666,34.793],[128.674,34.787]]]]}},{"type":"Feature","properties":{"code":"KR-38100","name":"양산시","provinceCode":"KR-38","province":"경남","rarity":"COMMON"},"geometry":{"type":"Polygon","coordinates":[[[129.056,35.532],[129.053,35.514],[129.105,35.496],[129.108,35.481],[129.143,35.446],[129.168,35.432],[129.197,35.439],[129.2,35.424],[129.219,35.408],[129.194,35.382],[129.199,35.366],[129.178,35.352],[129.118,35.369],[129.135,35.351],[129.109,35.305],[129.088,35.303],[129.074,35.291],[129.058,35.295],[129.047,35.274],[129.013,35.274],[128.981,35.299],[128.968,35.329],[128.946,35.338],[128.913,35.364],[128.88,35.368],[128.874,35.382],[128.881,35.387],[128.879,35.398],[128.89,35.404],[128.891,35.415],[128.904,35.42],[128.913,35.414],[128.924,35.421],[128.906,35.437],[128.91,35.445],[128.919,35.452],[128.95,35.454],[128.968,35.467],[128.963,35.485],[128.968,35.49],[128.958,35.499],[128.962,35.509],[128.977,35.508],[128.995,35.528],[129.008,35.529],[129.013,35.523],[129.056,35.532]]]}},{"type":"Feature","properties":{"code":"KR-38111","name":"창원시의창구","provinceCode":"KR-38","province":"경남","rarity":"COMMON"},"geometry":{"type":"Polygon","coordinates":[[[128.634,35.369],[128.689,35.378],[128.743,35.348],[128.764,35.346],[128.742,35.332],[128.739,35.317],[128.718,35.326],[128.711,35.315],[128.715,35.31],[128.692,35.308],[128.702,35.298],[128.725,35.237],[128.695,35.233],[128.692,35.22],[128.673,35.232],[128.679,35.24],[128.666,35.246],[128.655,35.243],[128.65,35.24],[128.673,35.232],[128.659,35.229],[128.651,35.219],[128.627,35.217],[128.612,35.222],[128.616,35.235],[128.585,35.264],[128.592,35.273],[128.583,35.279],[128.573,35.3],[128.582,35.308],[128.565,35.328],[128.57,35.336],[128.559,35.353],[128.577,35.366],[128.576,35.381],[128.593,35.392],[128.602,35.393],[128.634,35.369]]]}},{"type":"Feature","properties":{"code":"KR-38112","name":"창원시성산구","provinceCode":"KR-38","province":"경남","rarity":"COMMON"},"geometry":{"type":"Polygon","coordinates":[[[128.678,35.241],[128.673,35.232],[128.692,35.22],[128.695,35.233],[128.726,35.237],[128.723,35.214],[128.751,35.198],[128.738,35.157],[128.664,35.181],[128.638,35.177],[128.61,35.151],[128.611,35.162],[128.601,35.163],[128.593,35.174],[128.589,35.199],[128.608,35.212],[128.651,35.219],[128.659,35.229],[128.673,35.232],[128.651,35.241],[128.669,35.246],[128.678,35.241]]]}},{"type":"Feature","properties":{"code":"KR-38113","name":"창원시마산합포구","provinceCode":"KR-38","province":"경남","rarity":"COMMON"},"geometry":{"type":"Polygon","coordinates":[[[128.447,35.098],[128.479,35.078],[128.474,35.076],[128.468,35.082],[128.461,35.072],[128.439,35.072],[128.427,35.055],[128.423,35.058],[128.427,35.086],[128.411,35.093],[128.4,35.09],[128.4,35.084],[128.386,35.103],[128.372,35.111],[128.35,35.112],[128.354,35.118],[128.348,35.131],[128.363,35.141],[128.359,35.147],[128.367,35.194],[128.374,35.193],[128.39,35.207],[128.401,35.205],[128.407,35.194],[128.406,35.18],[128.434,35.164],[128.444,35.17],[128.445,35.181],[128.465,35.189],[128.489,35.18],[128.52,35.178],[128.541,35.191],[128.536,35.21],[128.541,35.213],[128.59,35.22],[128.584,35.205],[128.565,35.185],[128.57,35.175],[128.58,35.173],[128.591,35.158],[128.584,35.155],[128.591,35.152],[128.585,35.146],[128.597,35.142],[128.587,35.13],[128.579,35.14],[128.572,35.133],[128.582,35.127],[128.6,35.132],[128.599,35.124],[128.586,35.12],[128.599,35.119],[128.603,35.102],[128.628,35.083],[128.605,35.081],[128.603,35.075],[128.635,35.069],[128.602,35.056],[128.574,35.054],[128.597,35.07],[128.587,35.073],[128.581,35.065],[128.58,35.067],[128.57,35.07],[128.562,35.067],[128.566,35.071],[128.564,35.082],[128.583,35.091],[128.546,35.093],[128.548,35.1],[128.541,35.101],[128.549,35.107],[128.537,35.108],[128.538,35.121],[128.518,35.098],[128.484,35.109],[128.485,35.102],[128.471,35.098],[128.459,35.106],[128.451,35.104],[128.447,35.098]]]}},{"type":"Feature","properties":{"code":"KR-38114","name":"창원시마산회원구","provinceCode":"KR-38","province":"경남","rarity":"COMMON"},"geometry":{"type":"Polygon","coordinates":[[[128.557,35.277],[128.586,35.272],[128.585,35.264],[128.616,35.235],[128.612,35.222],[128.627,35.217],[128.588,35.21],[128.59,35.219],[128.585,35.222],[128.577,35.215],[128.544,35.214],[128.536,35.21],[128.541,35.191],[128.518,35.177],[128.48,35.186],[128.49,35.205],[128.474,35.222],[128.474,35.241],[128.491,35.274],[128.533,35.266],[128.557,35.277]]]}},{"type":"Feature","properties":{"code":"KR-38115","name":"창원시진해구","provinceCode":"KR-38","province":"경남","rarity":"COMMON"},"geometry":{"type":"Polygon","coordinates":[[[128.771,35.063],[128.761,35.061],[128.766,35.067],[128.763,35.078],[128.751,35.082],[128.742,35.078],[128.746,35.085],[128.74,35.083],[128.736,35.091],[128.744,35.1],[128.729,35.09],[128.725,35.097],[128.714,35.095],[128.713,35.107],[128.703,35.106],[128.696,35.097],[128.688,35.103],[128.686,35.107],[128.701,35.117],[128.693,35.133],[128.696,35.138],[128.693,35.135],[128.688,35.142],[128.691,35.148],[128.671,35.142],[128.678,35.126],[128.666,35.119],[128.659,35.137],[128.644,35.136],[128.642,35.145],[128.647,35.151],[128.626,35.148],[128.619,35.136],[128.629,35.133],[128.621,35.133],[128.616,35.14],[128.607,35.138],[128.615,35.145],[128.61,35.151],[128.638,35.177],[128.664,35.181],[128.733,35.157],[128.738,35.157],[128.741,35.167],[128.763,35.169],[128.794,35.157],[128.815,35.133],[128.835,35.129],[128.843,35.109],[128.835,35.102],[128.823,35.102],[128.815,35.091],[128.823,35.094],[128.829,35.09],[128.812,35.083],[128.812,35.078],[128.785,35.078],[128.782,35.085],[128.79,35.094],[128.803,35.098],[128.788,35.098],[128.789,35.113],[128.772,35.099],[128.763,35.105],[128.766,35.098],[128.784,35.098],[128.779,35.082],[128.773,35.083],[128.771,35.063]]]}},{"type":"Feature","properties":{"code":"KR-38310","name":"의령군","provinceCode":"KR-38","province":"경남","rarity":"LEGEND"},"geometry":{"type":"Polygon","coordinates":[[[128.299,35.516],[128.365,35.5],[128.373,35.504],[128.37,35.516],[128.42,35.494],[128.421,35.477],[128.383,35.461],[128.375,35.446],[128.388,35.426],[128.423,35.416],[128.43,35.406],[128.437,35.393],[128.42,35.378],[128.429,35.366],[128.415,35.358],[128.384,35.359],[128.382,35.352],[128.396,35.336],[128.39,35.333],[128.355,35.339],[128.338,35.359],[128.316,35.361],[128.312,35.351],[128.318,35.326],[128.298,35.315],[128.29,35.302],[128.302,35.283],[128.282,35.276],[128.274,35.257],[128.238,35.254],[128.212,35.265],[128.198,35.254],[128.196,35.266],[128.174,35.293],[128.173,35.314],[128.179,35.321],[128.157,35.35],[128.116,35.33],[128.092,35.348],[128.102,35.367],[128.088,35.366],[128.083,35.369],[128.083,35.37],[128.099,35.368],[128.112,35.382],[128.128,35.372],[128.129,35.388],[128.147,35.386],[128.19,35.399],[128.185,35.419],[128.2,35.432],[128.208,35.46],[128.216,35.462],[128.202,35.478],[128.238,35.495],[128.262,35.497],[128.266,35.51],[128.299,35.516]]]}},{"type":"Feature","properties":{"code":"KR-38320","name":"함안군","provinceCode":"KR-38","province":"경남","rarity":"RARE"},"geometry":{"type":"Polygon","coordinates":[[[128.54,35.38],[128.576,35.381],[128.577,35.366],[128.559,35.353],[128.57,35.336],[128.565,35.328],[128.582,35.308],[128.573,35.3],[128.583,35.279],[128.592,35.273],[128.578,35.269],[128.557,35.277],[128.533,35.266],[128.491,35.274],[128.488,35.26],[128.476,35.248],[128.474,35.222],[128.49,35.202],[128.479,35.188],[128.445,35.181],[128.437,35.165],[128.406,35.18],[128.407,35.194],[128.401,35.205],[128.39,35.207],[128.374,35.193],[128.353,35.21],[128.329,35.207],[128.32,35.221],[128.306,35.223],[128.306,35.234],[128.294,35.241],[128.298,35.251],[128.274,35.257],[128.282,35.276],[128.302,35.283],[128.29,35.302],[128.298,35.315],[128.318,35.326],[128.312,35.351],[128.318,35.362],[128.338,35.359],[128.355,35.339],[128.39,35.333],[128.396,35.336],[128.382,35.352],[128.383,35.357],[128.415,35.358],[128.428,35.365],[128.42,35.378],[128.431,35.391],[128.48,35.381],[128.502,35.401],[128.512,35.402],[128.54,35.38]]]}},{"type":"Feature","properties":{"code":"KR-38330","name":"창녕군","provinceCode":"KR-38","province":"경남","rarity":"RARE"},"geometry":{"type":"Polygon","coordinates":[[[128.527,35.676],[128.537,35.66],[128.537,35.624],[128.559,35.615],[128.561,35.603],[128.593,35.584],[128.585,35.58],[128.584,35.567],[128.593,35.54],[128.577,35.538],[128.592,35.515],[128.586,35.507],[128.578,35.506],[128.571,35.492],[128.577,35.46],[128.615,35.446],[128.626,35.452],[128.636,35.435],[128.651,35.426],[128.646,35.413],[128.65,35.398],[128.639,35.385],[128.65,35.386],[128.651,35.375],[128.637,35.369],[128.602,35.393],[128.571,35.38],[128.54,35.38],[128.512,35.402],[128.502,35.401],[128.48,35.381],[128.455,35.382],[128.438,35.392],[128.423,35.416],[128.388,35.426],[128.376,35.44],[128.376,35.454],[128.383,35.461],[128.412,35.47],[128.421,35.485],[128.413,35.5],[128.373,35.516],[128.351,35.537],[128.359,35.581],[128.352,35.608],[128.366,35.613],[128.382,35.607],[128.407,35.615],[128.423,35.625],[128.432,35.624],[128.446,35.638],[128.506,35.639],[128.511,35.646],[128.508,35.673],[128.53,35.683],[128.527,35.676]]]}},{"type":"Feature","properties":{"code":"KR-38340","name":"고성군","provinceCode":"KR-38","province":"경남","rarity":"RARE"},"geometry":{"type":"Polygon","coordinates":[[[128.274,35.132],[128.306,35.125],[128.316,35.13],[128.328,35.124],[128.348,35.127],[128.354,35.118],[128.35,35.112],[128.372,35.111],[128.386,35.103],[128.4,35.084],[128.4,35.09],[128.411,35.093],[128.427,35.086],[128.423,35.056],[128.415,35.055],[128.412,35.062],[128.383,35.046],[128.365,35.048],[128.382,35.036],[128.369,35.031],[128.375,35.024],[128.366,35.022],[128.368,35.017],[128.389,35.017],[128.389,35.033],[128.383,35.034],[128.384,35.036],[128.45,35.052],[128.442,35.06],[128.444,35.066],[128.453,35.071],[128.46,35.063],[128.469,35.076],[128.482,35.066],[128.475,35.055],[128.482,35.052],[128.479,35.047],[128.459,35.047],[128.474,35.035],[128.476,35.042],[128.486,35.038],[128.481,35.029],[128.5,35.021],[128.501,35.014],[128.492,35.005],[128.485,35.012],[128.478,34.993],[128.464,34.998],[128.47,34.99],[128.467,34.988],[128.407,34.994],[128.41,34.984],[128.434,34.985],[128.443,34.973],[128.425,34.976],[128.416,34.967],[128.401,34.971],[128.381,34.947],[128.336,34.936],[128.34,34.948],[128.334,34.945],[128.332,34.957],[128.318,34.962],[128.32,34.944],[128.299,34.936],[128.305,34.919],[128.298,34.917],[128.3,34.913],[128.289,34.91],[128.281,34.916],[128.283,34.904],[128.273,34.9],[128.276,34.91],[128.266,34.912],[128.268,34.918],[128.258,34.93],[128.261,34.927],[128.269,34.93],[128.268,34.939],[128.248,34.941],[128.245,34.936],[128.247,34.943],[128.227,34.941],[128.223,34.946],[128.218,34.939],[128.211,34.942],[128.209,34.936],[128.206,34.94],[128.197,34.937],[128.204,34.932],[128.199,34.933],[128.204,34.925],[128.196,34.912],[128.202,34.894],[128.188,34.894],[128.187,34.906],[128.184,34.895],[128.175,34.906],[128.177,34.895],[128.166,34.903],[128.167,34.897],[128.157,34.909],[128.146,34.905],[128.149,34.9],[128.141,34.903],[128.133,34.888],[128.121,34.905],[128.103,34.9],[128.111,34.903],[128.101,34.914],[128.11,34.917],[128.103,34.919],[128.122,34.921],[128.114,34.934],[128.123,34.939],[128.133,34.961],[128.135,34.98],[128.15,34.991],[128.17,34.985],[128.158,35.007],[128.163,35.027],[128.174,35.031],[128.195,35.064],[128.211,35.073],[128.19,35.077],[128.19,35.098],[128.198,35.096],[128.199,35.105],[128.212,35.115],[128.228,35.114],[128.247,35.128],[128.274,35.132]]]}},{"type":"Feature","properties":{"code":"KR-38350","name":"남해군","provinceCode":"KR-38","province":"경남","rarity":"RARE"},"geometry":{"type":"MultiPolygon","coordinates":[[[[128.033,34.92],[128.015,34.892],[128.01,34.867],[128.024,34.866],[128.022,34.882],[128.036,34.897],[128.039,34.892],[128.041,34.895],[128.048,34.897],[128.041,34.889],[128.048,34.89],[128.048,34.882],[128.059,34.884],[128.067,34.874],[128.065,34.861],[128.053,34.853],[128.063,34.855],[128.061,34.845],[128.076,34.844],[128.087,34.828],[128.078,34.828],[128.072,34.836],[128.065,34.831],[128.055,34.839],[128.046,34.836],[128.024,34.847],[128.024,34.839],[128.019,34.843],[128.017,34.838],[128.001,34.836],[127.969,34.843],[127.963,34.871],[127.977,34.879],[128.003,34.915],[128.033,34.92]]],[[[127.904,34.861],[127.917,34.835],[127.941,34.828],[127.944,34.81],[127.954,34.805],[127.966,34.809],[127.958,34.814],[127.978,34.82],[127.977,34.826],[127.99,34.832],[128.031,34.834],[128.041,34.823],[128.051,34.826],[128.067,34.818],[128.063,34.8],[128.055,34.802],[128.051,34.796],[128.06,34.796],[128.049,34.781],[128.056,34.746],[128.042,34.738],[128.034,34.724],[128.06,34.709],[128.054,34.712],[128.043,34.707],[128.044,34.702],[128.03,34.709],[128.02,34.702],[128.026,34.718],[128.015,34.724],[128.007,34.721],[128.007,34.711],[127.999,34.717],[127.993,34.714],[127.989,34.72],[127.984,34.718],[127.984,34.709],[127.957,34.709],[127.953,34.716],[127.959,34.718],[127.95,34.726],[127.955,34.731],[127.948,34.731],[127.944,34.747],[127.955,34.773],[127.949,34.778],[127.903,34.765],[127.913,34.74],[127.906,34.728],[127.891,34.722],[127.857,34.728],[127.862,34.733],[127.852,34.737],[127.853,34.748],[127.838,34.749],[127.835,34.756],[127.842,34.758],[127.841,34.767],[127.858,34.776],[127.849,34.775],[127.854,34.782],[127.845,34.779],[127.847,34.785],[127.836,34.792],[127.833,34.811],[127.813,34.834],[127.808,34.853],[127.818,34.875],[127.828,34.876],[127.826,34.883],[127.833,34.893],[127.824,34.894],[127.831,34.896],[127.826,34.903],[127.842,34.898],[127.842,34.907],[127.845,34.902],[127.862,34.901],[127.852,34.916],[127.859,34.922],[127.854,34.928],[127.866,34.931],[127.871,34.942],[127.894,34.947],[127.909,34.939],[127.925,34.941],[127.921,34.934],[127.931,34.925],[127.924,34.927],[127.929,34.915],[127.922,34.901],[127.925,34.892],[127.901,34.884],[127.898,34.873],[127.904,34.861]]]]}},{"type":"Feature","properties":{"code":"KR-38360","name":"하동군","provinceCode":"KR-38","province":"경남","rarity":"RARE"},"geometry":{"type":"Polygon","coordinates":[[[127.638,35.325],[127.658,35.329],[127.665,35.321],[127.686,35.322],[127.69,35.284],[127.705,35.265],[127.743,35.253],[127.754,35.235],[127.776,35.219],[127.843,35.228],[127.869,35.26],[127.876,35.257],[127.874,35.251],[127.893,35.25],[127.888,35.218],[127.895,35.197],[127.939,35.166],[127.939,35.153],[127.93,35.145],[127.899,35.157],[127.879,35.146],[127.885,35.13],[127.911,35.121],[127.899,35.107],[127.909,35.098],[127.902,35.095],[127.902,35.088],[127.894,35.087],[127.931,35.048],[127.924,35.042],[127.922,35.005],[127.914,34.993],[127.924,34.989],[127.917,34.989],[127.919,34.981],[127.908,34.983],[127.912,34.972],[127.902,34.972],[127.897,34.957],[127.887,34.952],[127.885,34.956],[127.875,34.948],[127.848,34.947],[127.841,34.963],[127.84,34.957],[127.834,34.959],[127.838,34.949],[127.822,34.956],[127.829,34.948],[127.815,34.949],[127.819,34.942],[127.803,34.935],[127.806,34.924],[127.806,34.924],[127.8,34.923],[127.806,34.924],[127.803,34.932],[127.795,34.931],[127.79,34.943],[127.782,34.944],[127.77,34.967],[127.759,34.967],[127.78,34.99],[127.785,35.02],[127.772,35.034],[127.765,35.054],[127.743,35.061],[127.736,35.074],[127.697,35.102],[127.689,35.135],[127.659,35.159],[127.648,35.16],[127.623,35.185],[127.615,35.25],[127.577,35.295],[127.577,35.308],[127.605,35.318],[127.615,35.331],[127.638,35.325]]]}},{"type":"Feature","properties":{"code":"KR-38370","name":"산청군","provinceCode":"KR-38","province":"경남","rarity":"RARE"},"geometry":{"type":"Polygon","coordinates":[[[127.866,35.575],[127.875,35.567],[127.869,35.559],[127.877,35.55],[127.878,35.528],[127.902,35.535],[127.925,35.515],[127.96,35.518],[127.963,35.5],[127.975,35.495],[127.982,35.452],[128.031,35.416],[128.054,35.417],[128.072,35.39],[128.089,35.381],[128.08,35.37],[128.102,35.367],[128.094,35.345],[128.115,35.333],[128.059,35.334],[128.052,35.313],[128.043,35.305],[128.015,35.303],[127.996,35.286],[127.986,35.287],[127.985,35.274],[127.974,35.27],[127.967,35.247],[127.948,35.242],[127.92,35.252],[127.909,35.224],[127.891,35.226],[127.893,35.25],[127.874,35.251],[127.876,35.257],[127.869,35.26],[127.843,35.228],[127.776,35.219],[127.754,35.235],[127.743,35.253],[127.705,35.265],[127.69,35.284],[127.689,35.319],[127.701,35.316],[127.718,35.334],[127.731,35.337],[127.739,35.372],[127.753,35.383],[127.748,35.397],[127.758,35.403],[127.759,35.415],[127.78,35.434],[127.773,35.445],[127.788,35.445],[127.783,35.46],[127.814,35.471],[127.805,35.489],[127.816,35.491],[127.823,35.5],[127.823,35.517],[127.817,35.525],[127.866,35.575]]]}},{"type":"Feature","properties":{"code":"KR-38380","name":"함양군","provinceCode":"KR-38","province":"경남","rarity":"RARE"},"geometry":{"type":"Polygon","coordinates":[[[127.676,35.771],[127.71,35.747],[127.716,35.731],[127.734,35.72],[127.748,35.731],[127.761,35.731],[127.764,35.721],[127.782,35.707],[127.795,35.704],[127.803,35.686],[127.833,35.67],[127.835,35.66],[127.861,35.659],[127.869,35.671],[127.878,35.667],[127.871,35.621],[127.854,35.597],[127.835,35.583],[127.835,35.577],[127.85,35.578],[127.856,35.569],[127.817,35.525],[127.823,35.517],[127.823,35.5],[127.816,35.491],[127.805,35.489],[127.814,35.471],[127.782,35.459],[127.789,35.446],[127.773,35.445],[127.78,35.434],[127.759,35.415],[127.758,35.403],[127.748,35.397],[127.753,35.383],[127.739,35.372],[127.731,35.337],[127.718,35.334],[127.7,35.316],[127.684,35.323],[127.665,35.321],[127.658,35.329],[127.64,35.325],[127.621,35.333],[127.623,35.342],[127.61,35.366],[127.626,35.377],[127.636,35.399],[127.66,35.414],[127.665,35.436],[127.674,35.446],[127.645,35.449],[127.637,35.459],[127.637,35.478],[127.653,35.487],[127.65,35.498],[127.626,35.525],[127.629,35.536],[127.613,35.536],[127.585,35.554],[127.596,35.574],[127.611,35.584],[127.607,35.595],[127.613,35.608],[127.635,35.618],[127.62,35.646],[127.64,35.673],[127.642,35.693],[127.661,35.71],[127.666,35.769],[127.676,35.771]]]}},{"type":"Feature","properties":{"code":"KR-38390","name":"거창군","provinceCode":"KR-38","province":"경남","rarity":"RARE"},"geometry":{"type":"Polygon","coordinates":[[[127.885,35.91],[127.885,35.893],[127.894,35.887],[127.92,35.893],[127.933,35.864],[127.926,35.856],[127.942,35.855],[127.951,35.862],[127.974,35.852],[127.982,35.859],[127.997,35.837],[128.012,35.829],[128.03,35.836],[128.052,35.83],[128.07,35.841],[128.091,35.831],[128.085,35.817],[128.069,35.806],[128.054,35.806],[128.035,35.786],[128.052,35.776],[128.044,35.752],[128.052,35.746],[128.062,35.724],[128.073,35.719],[128.074,35.701],[128.095,35.691],[128.093,35.684],[128.081,35.684],[128.072,35.673],[128.066,35.683],[128.05,35.678],[128.044,35.661],[128.021,35.653],[128.018,35.643],[128.004,35.638],[127.997,35.623],[128.001,35.611],[127.984,35.609],[127.981,35.566],[127.954,35.546],[127.96,35.518],[127.941,35.514],[127.925,35.515],[127.902,35.535],[127.878,35.528],[127.871,35.576],[127.857,35.569],[127.85,35.578],[127.835,35.577],[127.871,35.621],[127.871,35.634],[127.878,35.641],[127.877,35.669],[127.869,35.671],[127.861,35.659],[127.835,35.66],[127.833,35.67],[127.803,35.686],[127.795,35.704],[127.782,35.707],[127.764,35.721],[127.761,35.731],[127.748,35.731],[127.734,35.72],[127.716,35.731],[127.702,35.756],[127.679,35.768],[127.7,35.789],[127.719,35.797],[127.744,35.844],[127.759,35.837],[127.804,35.859],[127.814,35.854],[127.827,35.868],[127.845,35.869],[127.86,35.906],[127.885,35.91]]]}},{"type":"Feature","properties":{"code":"KR-38400","name":"합천군","provinceCode":"KR-38","province":"경남","rarity":"RARE"},"geometry":{"type":"Polygon","coordinates":[[[128.091,35.831],[128.123,35.822],[128.122,35.803],[128.129,35.789],[128.159,35.784],[128.165,35.763],[128.189,35.752],[128.198,35.736],[128.205,35.684],[128.184,35.68],[128.179,35.673],[128.164,35.673],[128.16,35.655],[128.186,35.658],[128.201,35.644],[128.23,35.639],[128.244,35.655],[128.262,35.643],[128.279,35.652],[128.296,35.651],[128.298,35.656],[128.324,35.647],[128.35,35.646],[128.365,35.613],[128.352,35.604],[128.359,35.581],[128.351,35.537],[128.38,35.514],[128.369,35.515],[128.373,35.504],[128.365,35.5],[128.293,35.517],[128.29,35.512],[128.266,35.51],[128.255,35.494],[128.238,35.495],[128.21,35.484],[128.201,35.475],[128.216,35.462],[128.208,35.46],[128.2,35.432],[128.185,35.419],[128.19,35.399],[128.147,35.386],[128.129,35.388],[128.13,35.373],[128.112,35.382],[128.092,35.368],[128.08,35.37],[128.089,35.381],[128.072,35.39],[128.053,35.418],[128.031,35.416],[127.982,35.452],[127.975,35.495],[127.963,35.5],[127.961,35.523],[127.953,35.534],[127.956,35.549],[127.981,35.566],[127.984,35.609],[128.001,35.611],[127.997,35.623],[128.004,35.638],[128.018,35.643],[128.021,35.653],[128.044,35.661],[128.05,35.678],[128.066,35.683],[128.072,35.673],[128.081,35.684],[128.093,35.684],[128.095,35.691],[128.074,35.701],[128.073,35.719],[128.062,35.724],[128.052,35.746],[128.044,35.752],[128.052,35.776],[128.035,35.786],[128.054,35.806],[128.069,35.806],[128.085,35.817],[128.091,35.831]]]}},{"type":"Feature","properties":{"code":"KR-39010","name":"제주시","provinceCode":"KR-39","province":"제주","rarity":"COMMON"},"geometry":{"type":"MultiPolygon","coordinates":[[[[126.962,33.519],[126.959,33.513],[126.968,33.516],[126.973,33.515],[126.965,33.513],[126.971,33.499],[126.967,33.491],[126.943,33.495],[126.941,33.507],[126.951,33.518],[126.948,33.523],[126.955,33.526],[126.962,33.519]]],[[[126.902,33.515],[126.9,33.51],[126.91,33.51],[126.913,33.503],[126.911,33.489],[126.902,33.483],[126.885,33.481],[126.825,33.453],[126.822,33.447],[126.789,33.441],[126.761,33.421],[126.741,33.42],[126.732,33.427],[126.705,33.421],[126.669,33.4],[126.631,33.393],[126.623,33.384],[126.575,33.372],[126.554,33.374],[126.53,33.362],[126.49,33.355],[126.483,33.36],[126.446,33.359],[126.437,33.355],[126.433,33.341],[126.376,33.347],[126.367,33.341],[126.34,33.344],[126.323,33.326],[126.296,33.322],[126.279,33.3],[126.245,33.288],[126.245,33.273],[126.23,33.285],[126.193,33.298],[126.169,33.283],[126.161,33.291],[126.167,33.299],[126.163,33.307],[126.168,33.317],[126.162,33.334],[126.172,33.343],[126.169,33.343],[126.169,33.345],[126.18,33.346],[126.183,33.359],[126.205,33.368],[126.223,33.39],[126.235,33.389],[126.25,33.401],[126.252,33.409],[126.259,33.409],[126.255,33.409],[126.253,33.416],[126.263,33.417],[126.261,33.423],[126.258,33.422],[126.259,33.418],[126.258,33.417],[126.252,33.417],[126.26,33.425],[126.264,33.424],[126.263,33.437],[126.273,33.435],[126.279,33.442],[126.3,33.447],[126.313,33.47],[126.338,33.467],[126.386,33.489],[126.401,33.483],[126.427,33.496],[126.452,33.497],[126.454,33.504],[126.483,33.511],[126.494,33.521],[126.532,33.517],[126.543,33.523],[126.542,33.53],[126.553,33.524],[126.55,33.521],[126.562,33.528],[126.585,33.525],[126.598,33.538],[126.635,33.536],[126.645,33.556],[126.648,33.549],[126.653,33.553],[126.667,33.543],[126.678,33.552],[126.689,33.548],[126.73,33.561],[126.738,33.555],[126.746,33.556],[126.74,33.56],[126.757,33.557],[126.765,33.566],[126.775,33.561],[126.784,33.565],[126.798,33.555],[126.828,33.559],[126.829,33.543],[126.841,33.534],[126.861,33.525],[126.871,33.531],[126.893,33.527],[126.906,33.521],[126.902,33.515]]]]}},{"type":"Feature","properties":{"code":"KR-39020","name":"서귀포시","provinceCode":"KR-39","province":"제주","rarity":"COMMON"},"geometry":{"type":"Polygon","coordinates":[[[126.912,33.479],[126.913,33.473],[126.925,33.472],[126.923,33.456],[126.936,33.478],[126.937,33.464],[126.946,33.456],[126.932,33.46],[126.922,33.444],[126.937,33.429],[126.929,33.423],[126.923,33.426],[126.924,33.434],[126.916,33.434],[126.918,33.427],[126.903,33.402],[126.906,33.391],[126.884,33.384],[126.871,33.372],[126.868,33.354],[126.857,33.338],[126.844,33.333],[126.848,33.32],[126.836,33.309],[126.808,33.302],[126.778,33.307],[126.743,33.278],[126.733,33.282],[126.678,33.267],[126.658,33.274],[126.661,33.269],[126.642,33.266],[126.64,33.257],[126.6,33.234],[126.578,33.245],[126.569,33.243],[126.571,33.236],[126.568,33.233],[126.561,33.243],[126.564,33.235],[126.551,33.241],[126.521,33.241],[126.51,33.23],[126.491,33.233],[126.473,33.223],[126.457,33.241],[126.429,33.235],[126.409,33.245],[126.367,33.229],[126.362,33.237],[126.328,33.232],[126.335,33.235],[126.328,33.241],[126.298,33.223],[126.29,33.205],[126.295,33.197],[126.285,33.201],[126.271,33.194],[126.261,33.2],[126.263,33.209],[126.256,33.207],[126.234,33.235],[126.203,33.246],[126.169,33.275],[126.171,33.289],[126.192,33.294],[126.192,33.298],[126.23,33.285],[126.245,33.273],[126.245,33.288],[126.279,33.3],[126.296,33.322],[126.323,33.326],[126.34,33.344],[126.367,33.341],[126.376,33.347],[126.433,33.341],[126.437,33.355],[126.446,33.359],[126.483,33.36],[126.49,33.355],[126.535,33.363],[126.554,33.374],[126.589,33.374],[126.625,33.385],[126.631,33.393],[126.669,33.4],[126.702,33.42],[126.732,33.427],[126.741,33.42],[126.761,33.421],[126.789,33.441],[126.822,33.447],[126.825,33.453],[126.885,33.481],[126.912,33.479]]]}}]}